handle,sku,name,brand,finish,description,install_notes,recommended_for,notes
3m-1080-gloss-atomic-teal-vinyl-wrap-g356-blowout-stock-420-sq-ft-241140,G356,3M 1080 Gloss Atomic Teal Vinyl Wrap,3M,Gloss,,,,
3m-1080-gloss-plum-explosion-vinyl-wrap-gp258,GP258,3M 1080 Gloss Plum Explosion Vinyl Wrap,3M,Gloss,,,,
3m-2080-anthracite-carbon-fiber-vinyl-wrap-cfs201,CFS201,3M 2080 Anthracite Carbon Fiber Vinyl Wrap,3M,,,,,
3m-2080-black-carbon-fiber-vinyl-wrap-cfs12,CFS12,3M 2080 Black Carbon Fiber Vinyl Wrap,3M,,,,,
3m-2080-brushed-aluminum-vinyl-wrap-br120,BR120,3M 2080 Brushed Aluminum Vinyl Wrap,3M,Brushed,,,,
3m-2080-brushed-black-metallic-vinyl-wrap-br212,BR212,3M 2080 Brushed Black Metallic Vinyl Wrap,3M,Metallic,,,,
3m-2080-brushed-steel-vinyl-wrap-br201,BR201,3M 2080 Brushed Steel Vinyl Wrap,3M,Brushed,,,,
3m-2080-brushed-titanium-vinyl-wrap-br230,BR230,3M 2080 Brushed Titanium Vinyl Wrap,3M,Brushed,,,,
3m-2080-dead-matte-black-vinyl-wrap-dm12,DM12,3M 2080 Dead Matte Black Vinyl Wrap,3M,Matte,,,,
3m-2080-gloss-anthracite-vinyl-wrap-g201,G201,3M 2080 Gloss Anthracite Vinyl Wrap,3M,Gloss,,,,
3m-2080-gloss-atomic-teal-vinyl-wrap-g356,G356,3M 2080 Gloss Atomic Teal Vinyl Wrap,3M,Gloss,,,,
3m-2080-gloss-black-metallic-vinyl-wrap-g212,G212,3M 2080 Gloss Black Metallic Vinyl Wrap,3M,Metallic,,,,
3m-2080-gloss-black-vinyl-wrap-g12,G12,3M 2080 Gloss Black Vinyl Wrap,3M,Gloss,,,,
3m-2080-gloss-blue-fire-vinyl-wrap-g337,G337,3M 2080 Gloss Blue Fire Vinyl Wrap,3M,Gloss,,,,
3m-2080-gloss-blue-metallic-vinyl-wrap-g227,G227,3M 2080 Gloss Blue Metallic Vinyl Wrap,3M,Metallic,,,,
3m-2080-gloss-blue-raspberry-vinyl-wrap-g378,G378,3M 2080 Gloss Blue Raspberry Vinyl Wrap,3M,Gloss,,,,
3m-2080-gloss-boat-blue-vinyl-wrap-g127,G127,3M 2080 Gloss Boat Blue Vinyl Wrap,3M,Gloss,,,,
3m-2080-gloss-bright-orange-vinyl-wrap-g54,G54,3M 2080 Gloss Bright Orange Vinyl Wrap,3M,Gloss,,,,
3m-2080-gloss-bright-yellow-vinyl-wrap-g15,G15,3M 2080 Gloss Bright Yellow Vinyl Wrap,3M,Gloss,,,,
3m-2080-gloss-burnt-orange-vinyl-wrap-g14,G14,3M 2080 Gloss Burnt Orange Vinyl Wrap,3M,Gloss,,,,
3m-2080-gloss-charcoal-metallic-vinyl-wrap-g211,G211,3M 2080 Gloss Charcoal Metallic Vinyl Wrap,3M,Metallic,,,,
3m-2080-gloss-cosmic-blue-vinyl-wrap-g377,G377,3M 2080 Gloss Cosmic Blue Vinyl Wrap,3M,Gloss,,,,
3m-2080-gloss-deep-blue-metallic-vinyl-wrap-g217,G217,3M 2080 Gloss Deep Blue Metallic Vinyl Wrap,3M,Metallic,,,,
3m-2080-gloss-deep-orange-vinyl-wrap-g24,G24,3M 2080 Gloss Deep Orange Vinyl Wrap,3M,Gloss,,,,
3m-2080-gloss-dragon-fire-red-vinyl-wrap-g363,G363,3M 2080 Gloss Dragon Fire Red Vinyl Wrap,3M,Gloss,,,,
3m-2080-gloss-ember-black-vinyl-wrap-gp282,GP282,3M 2080 Gloss Ember Black Vinyl Wrap,3M,Gloss,,,,
3m-2080-gloss-fierce-fuschia-vinyl-wrap-g348,G348,3M 2080 Gloss Fierce Fuchsia Vinyl Wrap,3M,Gloss,,,,
3m-2080-gloss-fiery-orange-vinyl-wrap-g364,G364,3M 2080 Gloss Fiery Orange Vinyl Wrap,3M,Gloss,,,,
3m-2080-gloss-flame-red-vinyl-wrap-g53,G53,3M 2080 Gloss Flame Red Vinyl Wrap,3M,Gloss,,,,
3m-2080-gloss-flip-deep-space-vinyl-wrap-gp278,GP278,3M 2080 Gloss Flip Deep Space Vinyl Wrap,3M,Gloss,,,,
3m-2080-gloss-flip-psychedelic-vinyl-wrap-gp281,GP281,3M 2080 Gloss Flip Psychedelic Vinyl Wrap,3M,Gloss,,,,
blowout-stock-195-sq-ft-916511,GP281,3M 2080 Gloss Flip Psychedelic Vinyl Wrap,3M,Gloss,,,,
3m-2080-gloss-galaxy-black-vinyl-wrap-gp292,GP292,3M 2080 Gloss Galaxy Black Vinyl Wrap,3M,Gloss,,,,
3m-2080-gloss-green-envy-vinyl-wrap-g336,G336,3M 2080 Gloss Green Envy Vinyl Wrap,3M,Gloss,,,,
3m-2080-gloss-hot-pink-vinyl-wrap-g103,G103,3M 2080 Gloss Hot Pink Vinyl Wrap,3M,Gloss,,,,
3m-2080-gloss-hot-rod-red-vinyl-wrap-g13,G13,3M 2080 Gloss Hot Rod Red Vinyl Wrap,3M,Gloss,,,,
3m-2080-gloss-intense-blue-vinyl-wrap-g47,G47,3M 2080 Gloss Intense Blue Vinyl Wrap,3M,Gloss,,,,
3m-2080-gloss-kelly-green-vinyl-wrap-g46,G46,3M 2080 Gloss Kelly Green Vinyl Wrap,3M,Gloss,,,,
3m-2080-gloss-light-green-vinyl-wrap-g16,G16,3M 2080 Gloss Light Green Vinyl Wrap,3M,Gloss,,,,
3m-2080-gloss-light-ivory-vinyl-wrap-g79,G79,3M 2080 Gloss Light Ivory Vinyl Wrap,3M,Gloss,,,,
3m-2080-gloss-liquid-copper-vinyl-wrap-g344,G344,3M 2080 Gloss Liquid Copper Vinyl Wrap,3M,Gloss,,,,
3m-2080-gloss-lucid-yellow-vinyl-wrap-g55,G55,3M 2080 Gloss Lucid Yellow Vinyl Wrap,3M,Gloss,,,,
3m-2080-gloss-midnight-blue-vinyl-wrap-gp272,GP272,3M 2080 Gloss Midnight Blue Vinyl Wrap,3M,Gloss,,,,
3m-2080-gloss-red-metallic-vinyl-wrap-g203,G203,3M 2080 Gloss Red Metallic Vinyl Wrap,3M,Metallic,,,,
3m-2080-gloss-silver-chrome-vinyl-wrap-gc451,GC451,3M 2080 Gloss Silver Chrome Vinyl Wrap,3M,Chrome,,,,
3m-2080-gloss-sky-blue-vinyl-wrap-g77,G77,3M 2080 Gloss Sky Blue Vinyl Wrap,3M,Gloss,,,,
3m-2080-gloss-sterling-silver-vinyl-wrap-g251,G251,3M 2080 Gloss Sterling Silver Vinyl Wrap,3M,Gloss,,,,
3m-2080-gloss-storm-gray-vinyl-wrap-g31,G31,3M 2080 Gloss Storm Gray Vinyl Wrap,3M,Gloss,,,,
3m-2080-gloss-sunflower-vinyl-wrap-g25,G25,3M 2080 Gloss Sunflower Vinyl Wrap,3M,Gloss,,,,
3m-2080-gloss-white-aluminum-vinyl-wrap-g120,G120,3M 2080 Gloss White Aluminum Vinyl Wrap,3M,Gloss,,,,
3m-2080-gloss-white-gold-sparkle-vinyl-wrap-gp240,GP240,3M 2080 Gloss White Gold Sparkle Vinyl Wrap,3M,Gloss,,,,
3m-2080-gloss-white-vinyl-wrap-g10,G10,3M 2080 Gloss White Vinyl Wrap,3M,Gloss,,,,
3m-2080-high-gloss-black-metallic-vinyl-wrap-hg212,HG212,3M 2080 High Gloss Black Metallic Vinyl Wrap,3M,Metallic,,,,
3m-2080-high-gloss-black-vinyl-wrap-hg12,HG12,3M 2080 High Gloss Black Vinyl Wrap,3M,Gloss,,,,
3m-2080-high-gloss-blue-raspberry-vinyl-wrap-hg378,HG378,3M 2080 High Gloss Blue Raspberry Vinyl Wrap,3M,Gloss,,,,
3m-2080-high-gloss-bright-yellow-vinyl-wrap-hg15,HG15,3M 2080 High Gloss Bright Yellow Vinyl Wrap,3M,Gloss,,,,
3m-2080-high-gloss-burnt-orange-vinyl-wrap-hg14,HG14,3M 2080 High Gloss Burnt Orange Vinyl Wrap,3M,Gloss,,,,
3m-2080-high-gloss-citric-acid-vinyl-wrap-hg65,HG65,3M 2080 High Gloss Citric Acid Vinyl Wrap,3M,Gloss,,,,
3m-2080-high-gloss-flip-black-psychedelic-vinyl-wrap-hgp221,HGP221,3M 2080 High Gloss Flip Black Psychedelic Vinyl Wrap,3M,Gloss,,,,
3m-2080-high-gloss-flip-deep-space-vinyl-wrap-hg278,HGP278,3M 2080 High Gloss Flip Deep Space Vinyl Wrap,3M,Gloss,,,,
3m-2080-high-gloss-green-envy-vinyl-wrap-hg336,,3M 2080 High Gloss Green Envy Vinyl Wrap HG336,3M,Gloss,,,,
3m-2080-high-gloss-hot-rod-red-vinyl-wrap-hg13,HG13,3M 2080 High Gloss Hot Rod Red Vinyl Wrap,3M,Gloss,,,,
3m-2080-high-gloss-mantis-green-vinyl-wrap-hg36,HG36,3M 2080 High Gloss Mantis Green Vinyl Wrap,3M,Gloss,,,,
3m-2080-high-gloss-meteor-gray-vinyl-wrap-hg81,HG81,3M 2080 High Gloss Meteor Gray Vinyl Wrap,3M,Gloss,,,,
3m-2080-high-gloss-military-green-vinyl-wrap-hg26,HG26,3M 2080 High Gloss Military Green Vinyl Wrap,3M,Gloss,,,,
3m-2080-high-gloss-nardo-gray-vinyl-wrap-hg61,HG61,3M 2080 High Gloss Nardo Gray Vinyl Wrap,3M,Gloss,,,,
3m-2080-high-gloss-plum-explosion-vinyl-wrap-hgp258,HGP258,3M 2080 High Gloss Plum Explosion Vinyl Wrap,3M,Gloss,,,,
3m-2080-high-gloss-ruby-rosso-vinyl-wrap-hg73,HG73,3M 2080 High Gloss Ruby Rosso Vinyl Wrap,3M,Gloss,,,,
3m-2080-high-gloss-sky-blue-vinyl-wrap-hg77,HG77,3M 2080 High Gloss Sky Blue Vinyl Wrap,3M,Gloss,,,,
3m-2080-high-gloss-storm-gray-vinyl-wrap-hg31,HG31,3M 2080 High Gloss Storm Gray Vinyl Wrap,3M,Gloss,,,,
3m-2080-high-gloss-white-aluminum-vinyl-wrap-hg120,HG120,3M 2080 High Gloss White Aluminum Vinyl Wrap,3M,Gloss,,,,
3m-2080-high-gloss-white-vinyl-wrap-hg10,HG10,3M 2080 High Gloss White Vinyl Wrap,3M,Gloss,,,,
3m-2080-matrix-black-textured-vinyl-wrap-mx12,MX12,3M 2080 Matrix Black Textured Vinyl Wrap,3M,Textured,,,,
3m-2080-matte-black-metallic-vinyl-wrap-m212,M212,3M 2080 Matte Black Metallic Vinyl Wrap,3M,Metallic,,,,
3m-2080-matte-black-vinyl-wrap-m12,M12,3M 2080 Matte Black Vinyl Wrap,3M,Matte,,,,
3m-2080-matte-blue-metallic-vinyl-wrap-m227,M227,3M 2080 Matte Blue Metallic Vinyl Wrap,3M,Metallic,,,,
3m-2080-matte-brown-metallic-vinyl-wrap-m209,M209,3M 2080 Matte Brown Metallic Vinyl Wrap,3M,Metallic,,,,
3m-2080-matte-charcoal-metalllic-vinyl-wrap-m211,M211,3M 2080 Matte Charcoal Metallic Vinyl Wrap,3M,Metallic,,,,
3m-2080-matte-dark-gray-vinyl-wrap-m261,M261,3M 2080 Matte Dark Gray Vinyl Wrap,3M,Matte,,,,
3m-2080-matte-deep-black-vinyl-wrap-m22,M22,3M 2080 Matte Deep Black Vinyl Wrap,3M,Matte,,,,
3m-2080-matte-gray-aluminum-vinyl-wrap-m230,M230,3M 2080 Matte Gray Aluminum Vinyl Wrap,3M,Matte,,,,
3m-2080-matte-indigo-vinyl-wrap-m27,M27,3M 2080 Matte Indigo Vinyl Wrap,3M,Matte,,,,
3m-2080-matte-military-green-vinyl-wrap-m26,M26,3M 2080 Matte Military Green Vinyl Wrap,3M,Matte,,,,
3m-2080-matte-military-green-vinyl-wrap-m26-blowout-stock-380-sq-ft-310549,M26,3M 2080 Matte Military Green Vinyl Wrap,3M,Matte,,,,
3m-2080-matte-pine-green-metallic-vinyl-wrap-m206,M206,3M 2080 Matte Pine Green Metallic Vinyl Wrap,3M,Metallic,,,,
3m-2080-matte-red-metallic-vinyl-wrap-m203,M203,3M 2080 Matte Red Metallic Vinyl Wrap,3M,Metallic,,,,
3m-2080-matte-red-vinyl-wrap-m13,M13,3M 2080 Matte Red Vinyl Wrap,3M,Matte,,,,
3m-2080-matte-silver-vinyl-wrap-m21,M21,3M 2080 Matte Silver Vinyl Wrap,3M,Matte,,,,
3m-2080-matte-slate-blue-metallic-vinyl-wrap-m217,M217,3M 2080 Matte Slate Blue Metallic Vinyl Wrap,3M,Metallic,,,,
3m-2080-matte-strawberry-vinyl-wrap-m33,M33,3M 2080 Matte Strawberry Vinyl Wrap,3M,Matte,,,,
3m-2080-matte-white-vinyl-wrap-m10,M10,3M 2080 Matte White Vinyl Wrap,3M,Matte,,,,
3m-2080-satin-apple-green-vinyl-wrap-s196,S196,3M 2080 Satin Apple Green Vinyl Wrap,3M,Satin,,,,
3m-2080-satin-battleship-gray-vinyl-wrap-s51,S51,3M 2080 Satin Battleship Gray Vinyl Wrap,3M,Satin,,,,
3m-2080-satin-bitter-yellow-vinyl-wrap-s335,S335,3M 2080 Satin Bitter Yellow Vinyl Wrap,3M,Satin,,,,
3m-2080-satin-black-vinyl-wrap-s12,S12,3M 2080 Satin Black Vinyl Wrap,3M,Satin,,,,
3m-2080-satin-dark-gray-vinyl-wrap-s261,S261,3M 2080 Satin Dark Gray Vinyl Wrap,3M,Satin,,,,
3m-2080-satin-flip-electric-coral-vinyl-wrap-sp213,SP213,3M 2080 Satin Flip Electric Coral Vinyl Wrap,3M,Satin,,,,
3m-2080-satin-flip-ghost-pearl-vinyl-wrap-sp280,SP280,3M 2080 Satin Flip Ghost Pearl Vinyl Wrap,3M,Satin,,,,
3m-2080-satin-flip-golden-aura-vinyl-wrap-sp264,SP264,3M 2080 Satin Flip Golden Aura Vinyl Wrap,3M,Satin,,,,
3m-2080-satin-flip-psychedelic-vinyl-wrap-sp281,SP281,3M 2080 Satin Flip Psychedelic Vinyl Wrap,3M,Satin,,,,
3m-2080-satin-flip-volcanic-flare-vinyl-wrap-sp236,SP236,3M 2080 Satin Flip Volcanic Flare Vinyl Wrap,3M,Satin,,,,
blowout-stock-180-sq-ft-231656,SP236,3M 2080 Satin Flip Volcanic Flare Vinyl Wrap,3M,Satin,,,,
3m-2080-satin-frozen-berry-metallic-vinyl-wrap-s238,S238,3M 2080 Satin Frozen Berry Metallic Vinyl Wrap,3M,Metallic,,,,
3m-2080-satin-frozen-vanilla-vinyl-wrap-sp240,SP240,3M 2080 Satin Frozen Vanilla Vinyl Wrap,3M,Satin,,,,
3m-2080-satin-gold-dust-black-vinyl-wrap-sp242,SP242,3M 2080 Satin Gold Dust Black Vinyl Wrap,3M,Satin,,,,
3m-2080-satin-key-west-vinyl-wrap-s57,S57,3M 2080 Satin Key West Vinyl Wrap,3M,Satin,,,,
3m-2080-satin-komodo-green-vinyl-wrap-s56,S56,3M 2080 Satin Komodo Green Vinyl Wrap,3M,Satin,,,,
3m-2080-satin-lunar-blue-vinyl-wrap-s87,S87,3M 2080 Satin Lunar Blue Vinyl Wrap,3M,Satin,,,,
3m-2080-satin-ocean-shimmer-vinyl-wrap-s327,S327,3M 2080 Satin Ocean Shimmer Vinyl Wrap,3M,Satin,,,,
3m-2080-satin-pearl-white-vinyl-wrap-sp10,SP10,3M 2080 Satin Pearl White Vinyl Wrap,3M,Satin,,,,
3m-2080-satin-perfect-blue-vinyl-wrap-s347,S347,3M 2080 Satin Perfect Blue Vinyl Wrap,3M,Satin,,,,
3m-2080-satin-sandstone-vinyl-wrap-s49,S49,3M 2080 Satin Sandstone Vinyl Wrap,3M,Satin,,,,
3m-2080-satin-smoldering-red-vinyl-wrap-s363,S363,3M 2080 Satin Smoldering Red Vinyl Wrap,3M,Satin,,,,
3m-2080-satin-thundercloud-vinyl-wrap-s271,S271,3M 2080 Satin Thundercloud Vinyl Wrap,3M,Satin,,,,
3m-2080-satin-vampire-red-vinyl-wrap-sp273,SP273,3M 2080 Satin Vampire Red Vinyl Wrap,3M,Satin,,,,
3m-2080-satin-velvet-rose-vinyl-wrap-s23,S23,3M 2080 Satin Velvet Rose Vinyl Wrap,3M,Satin,,,,
3m-2080-satin-white-aluminum-vinyl-wrap-s120,S120,3M 2080 Satin White Aluminum Vinyl Wrap,3M,Satin,,,,
3m-2080-satin-white-vinyl-wrap-s10,S10,3M 2080 Satin White Vinyl Wrap,3M,Satin,,,,
3m-2080-shadow-black-textured-vinyl-wrap-sb12,SB12,3M 2080 Shadow Black Textured Vinyl Wrap,3M,Textured,,,,
3m-2080-shadow-military-green-textured-vinyl-wrap-sb26,SB26,3M 2080 Shadow Military Green Textured Vinyl Wrap,3M,Textured,,,,
3m-gloss-basilisk-blue-pwf-paint-protection-film-wrap,PWF-G67,3M Gloss Basilisk Blue PWF Paint Protection Film Wrap,3M,Gloss,,,,
3m-gloss-black-pwf-paint-protection-film-wrap,PWF-G12,3M Gloss Black PWF Paint Protection Film Wrap,3M,Gloss,,,,
3m-gloss-bone-gray-pwf-paint-protection-film-wrap,PWF-G11,3M Gloss Bone Gray PWF Paint Protection Film Wrap,3M,Gloss,,,,
3m-gloss-british-racing-green-pwf-paint-protection-film-wrap,PWF-GP276,3M Gloss British Racing Green PWF Paint Protection Film Wrap,3M,Gloss,,,,
3m-gloss-crimson-red-pwf-paint-protection-film-wrap,PWF-GP233,3M Gloss Crimson Red PWF Paint Protection Film Wrap,3M,Gloss,,,,
3m-gloss-glossflip-cosmic-dust-pwf-paint-protection-film-wrap,PWF-GP288,3M Gloss Flip Cosmic Dust PWF Paint Protection Film Wrap,3M,Gloss,,,,
3m-gloss-gloss-flip-psychedelic-pwf-paint-protection-film-wrap,PWF-GP281,3M Gloss Flip Psychedelic PWF Paint Protection Film Wrap,3M,Gloss,,,,
3m-gloss-gloss-flip-winter-rose-pwf-paint-protection-film-wrap,PWF-GP231,3M Gloss Flip Winter Rose PWF Paint Protection Film Wrap,3M,Gloss,,,,
3m-gloss-frozen-blue-metallic-pwf-paint-protection-film-wrap,PWF-G137,3M Gloss Frozen Blue Metallic PWF Paint Protection Film Wrap,3M,Metallic,,,,
3m-gloss-hebanero-red-pwf-paint-protection-film-wrap,PWF-G43,3M Gloss Hebanero Red PWF Paint Protection Film Wrap,3M,Gloss,,,,
3m-gloss-iridescent-emerald-green-pwf-paint-protection-film-wrap,PWF-GP246,3M Gloss Iridescent Emerald Green PWF Paint Protection Film Wrap,3M,Gloss,,,,
3m-gloss-miami-blue-pwf-paint-protection-film-wrap,PWF-G37,3M Gloss Miami Blue PWF Paint Protection Film Wrap,3M,Gloss,,,,
3m-gloss-nardo-gray-pwf-paint-protection-film-wrap,PWF-G61,3M Gloss Nardo Gray PWF Paint Protection Film Wrap,3M,Gloss,,,,
3m-gloss-neptune-blue-pwf-paint-protection-film-wrap,PWF-G97,3M Gloss Neptune Blue PWF Paint Protection Film Wrap,3M,Gloss,,,,
3m-gloss-olive-green-pwf-paint-protection-film-wrap,PWF-G76,3M Gloss Olive Green PWF Paint Protection Film Wrap,3M,Gloss,,,,
3m-gloss-powder-blue-pwf-paint-protection-film-wrap,PWF-G117,3M Gloss Powder Blue PWF Paint Protection Film Wrap,3M,Gloss,,,,
3m-gloss-solar-flare-pwf-paint-protection-film-wrap,PWF-G255,3M Gloss Solar Flare PWF Paint Protection Film Wrap,3M,Gloss,,,,
3m-gloss-umbra-rosso-pwf-paint-protection-film-wrap,PWF-GP263,3M Gloss Umbra Rosso PWF Paint Protection Film Wrap,3M,Gloss,,,,
3m-gloss-gloss-verde-antico-pwf-paint-protection-film-wrap,PWF-GP256,3M Gloss Verde Antico PWF Paint Protection Film Wrap,3M,Gloss,,,,
3m-gloss-viola-pwf-paint-protection-film-wrap,PWF-G248,3M Gloss Viola PWF Paint Protection Film Wrap,3M,Gloss,,,,
3m-gloss-white-pwf-paint-protection-film-wrap,PWF-G10,3M Gloss White PWF Paint Protection Film Wrap,3M,Gloss,,,,
3m-matte-black-pwf-paint-protection-film-wrap,PWF-M12,3M Matte Black PWF Paint Protection Film Wrap,3M,Matte,,,,
3m-matte-coyote-brown-pwf-paint-protection-film-wrap,PWF-M99,3M Matte Coyote Brown PWF Paint Protection Film Wrap,3M,Matte,,,,
3m-matte-moon-rock-blue-pwf-paint-protection-film-wrap,PWF-M87,3M Matte Moon Rock Blue PWF Paint Protection Film Wrap,3M,Matte,,,,
3m-matte-smoke-gray-pwf-paint-protection-film-wrap,PWF-M91,3M Matte Smoke Gray PWF Paint Protection Film Wrap,3M,Matte,,,,
3m-matte-white-pwf-paint-protection-film-wrap,PWF-M10,3M Matte White PWF Paint Protection Film Wrap,3M,Matte,,,,
3m-neon-fluorescent-green-vinyl-wrap-vcw17120,Satin,3M Neon Fluorescent Wrap Film,3M,Satin,,,,
3m-neon-fluorescent-orange-vinyl-wrap-vcw17074,Satin,3M Neon Fluorescent Wrap Film,3M,Satin,,,,
3m-neon-fluorescent-yellow-vinyl-wrap-vcw17076,Satin,3M Neon Fluorescent Wrap Film,3M,Satin,,,,
3m-reflective-black-brake-caliper-vinyl-wrap,680CR-85,3M Reflective Black Brake Caliper Vinyl Wrap,3M,Reflective,,,,
3m-reflective-dark-blue-brake-caliper-vinyl-wrap,680CR-75,3M Reflective Blue Brake Caliper Vinyl Wrap,3M,Reflective,,,,
3m-reflective-dark-red-brake-caliper-vinyl-wrap,680CR-82,3M Reflective Dark Red Brake Caliper Vinyl Wrap,3M,Reflective,,,,
3m-reflective-dark-yellow-brake-caliper-vinyl-wrap,680CR-71,3M Reflective Dark Yellow Brake Caliper Vinyl Wrap,3M,Reflective,,,,
3m-reflective-gold-brake-caliper-vinyl-wrap,680CR-64,3M Reflective Gold Brake Caliper Vinyl Wrap,3M,Reflective,,,,
3m-reflective-green-brake-caliper-vinyl-wrap,680CR-77,3M Reflective Green Brake Caliper Vinyl Wrap,3M,Reflective,,,,
3m-reflective-blue-brake-caliper-vinyl-wrap,680CR-76,3M Reflective Light Blue Brake Caliper Vinyl Wrap,3M,Reflective,,,,
3m-reflective-orange-brake-caliper-vinyl-wrap,680CR-14,3M Reflective Orange Brake Caliper Vinyl Wrap,3M,Reflective,,,,
3m-reflective-red-brake-caliper-vinyl-wrap,680CR-72,3M Reflective Red Brake Caliper Vinyl Wrap,3M,Reflective,,,,
3m-reflective-white-brake-caliper-vinyl-wrap,680CR-10,3M Reflective White Brake Caliper Vinyl Wrap,3M,Reflective,,,,
3m-reflective-yellow-brake-caliper-vinyl-wrap,680CR-81,3M Reflective Yellow Brake Caliper Vinyl Wrap,3M,Reflective,,,,
apa-vehicle-wrap-film-satin-silver-chrome-ch-089-1-5ft-x-81ft,Satin,APA Vehicle Wrap Film,APA,Chrome,,,,
assorted-hexis-chrome-vinyl-wraps-blowout-stock-122-sq-ft-958273,BLOWOUT,Assorted Hexis Chrome Vinyl Wraps,HEXIS,Chrome,,,,
assorted-hexis-chrome-vinyl-wraps-blowout-stock-108-sq-ft-213961,BLOWOUT,Assorted Hexis Chrome Vinyl Wraps,HEXIS,Chrome,,,,
assorted-hexis-chrome-vinyl-wraps-blowout-stock-121-sq-ft-163249,BLOWOUT,Assorted Hexis Chrome Vinyl Wraps,HEXIS,Chrome,,,,
avery-dennison-gloss-dark-blue-colored-ppf-prismapro-681-o,PrismaPro-681-O,Avery Dennison Gloss Dark Blue Colored PPF,Avery,Gloss,,,,
avery-dennison-gloss-metallic-garnet-red-colored-ppf-prismapro-472-m,PrismaPro-472-M,Avery Dennison Gloss Metallic Garnet Red Colored PPF,Avery,Metallic,,,,
avery-dennison-gloss-metallic-gold-colored-ppf-prismapro-215-m,PrismaPro-215-M,Avery Dennison Gloss Metallic Gold Colored PPF,Avery,Metallic,,,,
avery-dennison-metallic-midnight-sand-colored-ppf-prismapro-797-m,PrismaPro-797-M,Avery Dennison Gloss Metallic Midnight Sand Colored PPF,Avery,Metallic,,,,
avery-dennison-gloss-metallic-purple-colored-ppf-prismapro-566-m,PrismaPro-566-M,Avery Dennison Gloss Metallic Purple Colored PPF,Avery,Metallic,,,,
avery-dennison-gloss-metallic-silver-colored-ppf-prismapro-803-m,PrismaPro-803-M,Avery Dennison Gloss Metallic Silver Colored PPF,Avery,Metallic,,,,
avery-dennison-gloss-obsidian-black-colored-ppf-prismapro-191-o,PrismaPro-191-O,Avery Dennison Gloss Obsidian Black Colored PPF,Avery,Gloss,,,,
avery-dennison-gloss-olive-green-colored-ppf-prismapro-732-o,PrismaPro-732-O,Avery Dennison Gloss Olive Green Colored PPF,Avery,Gloss,,,,
avery-dennison-gloss-rock-grey-colored-ppf-prismapro-821-o,PrismaPro-821-O,Avery Dennison Gloss Rock Grey Colored PPF,Avery,Gloss,,,,
avery-dennison-gloss-white-colored-ppf-prismapro-101-o,PrismaPro-101-O,Avery Dennison Gloss White Colored PPF,Avery,Gloss,,,,
avery-dennison-neo-noir-hybrid-gloss-black-paint-protection-film,,Avery Dennison Neo Noir Hybrid Gloss Black Paint Protection Film,Avery,Gloss,,,,
avery-dennison-neo-noir-hybrid-matte-black-paint-protection-film,,Avery Dennison Neo Noir Hybrid Matte Black Paint Protection Film,Avery,Matte,,,,
avery-gloss-black-conform-chrome-vinyl-wrap-sf100-196-s,SF100-196-S,Avery Dennison SF100 Gloss Black Conform Chrome Vinyl Wrap,Avery,Chrome,,,,
avery-gloss-blue-conform-chrome-vinyl-wrap-sf100-256-s,SF100-256-S,Avery Dennison SF100 Gloss Blue Conform Chrome Vinyl Wrap,Avery,Chrome,,,,
avery-gloss-gold-conform-chrome-vinyl-wrap-sf100-604-s,SF100-604-S,Avery Dennison SF100 Gloss Gold Conform Chrome Vinyl Wrap,Avery,Chrome,,,,
avery-gloss-red-conform-chrome-vinyl-wrap-sf100-474-s,SF100-474-S,Avery Dennison SF100 Gloss Red Conform Chrome Vinyl Wrap,Avery,Chrome,,,,
avery-gloss-rose-gold-conform-chrome-vinyl-wrap-sf100-211-s,SF100-211-S,Avery Dennison SF100 Gloss Rose Gold Conform Chrome Vinyl Wrap,Avery,Chrome,,,,
avery-gloss-silver-conform-chrome-vinyl-wrap-sf100-843-s,SF100-843-S,Avery Dennison SF100 Gloss Silver Conform Chrome Vinyl Wrap,Avery,Chrome,,,,
avery-gloss-violet-conform-chrome-vinyl-wrap-sf100-510-s,SF100-510-S,Avery Dennison SF100 Gloss Violet Conform Chrome Vinyl Wrap,Avery,Chrome,,,,
avery-matte-silver-conform-chrome-vinyl-wrap-sf100-844-s,SF100-844-S,Avery Dennison SF100 Matte Silver Conform Chrome Vinyl Wrap,Avery,Chrome,,,,
avery-dennison-supreme-defense-gloss-paint-protection-film,,Avery Dennison Supreme Defense™ Gloss Paint Protection Film,Avery,Gloss,,,,
avery-dennison-supreme-defense-matte-paint-protection-film,,Avery Dennison Supreme Defense™ Matte Paint Protection Film,Avery,Matte,,,,
avery-black-carbon-fiber-vinyl-wrap-sw900-194-x,SW900-194-X,Avery Dennison SW900 Black Carbon Fiber Vinyl Wrap,Avery,,,,,
avery-brushed-aluminum-metallic-vinyl-wrap-sw900-812-x,SW900-812-X,Avery Dennison SW900 Brushed Aluminum Metallic Vinyl Wrap,Avery,Metallic,,,,
avery-brushed-black-metallic-vinyl-wrap-sw900-193-x,SW900-193-X,Avery Dennison SW900 Brushed Black Metallic Vinyl Wrap,Avery,Metallic,,,,
avery-brushed-bronze-metallic-vinyl-wrap-sw900-933-x,SW900-933-X,Avery Dennison SW900 Brushed Bronze Metallic Vinyl Wrap,Avery,Metallic,,,,
avery-brushed-steel-metallic-vinyl-wrap-sw900-813-x,SW900-813-X,Avery Dennison SW900 Brushed Steel Metallic Vinyl Wrap,Avery,Metallic,,,,
avery-brushed-titanium-metallic-vinyl-wrap-sw900-802-x,SW900-802-X,Avery Dennison SW900 Brushed Titanium Metallic Vinyl Wrap,Avery,Metallic,,,,
avery-gloss-amber-diamond-vinyl-wrap-sw900-221-d,SW900-221-D,Avery Dennison SW900 Gloss Amber Diamond Vinyl Wrap,Avery,Diamond,,,,
avery-gloss-ambulance-yellow-vinyl-wrap-sw900-236-o,SW900-236-O,Avery Dennison SW900 Gloss Ambulance Yellow Vinyl Wrap,Avery,Gloss,,,,
avery-gloss-aqua-blue-vinyl-wrap-sw900-636-o,SW900-636-O,Avery Dennison SW900 Gloss Aqua Blue Vinyl Wrap,Avery,Gloss,,,,
avery-gloss-black-metallic-vinyl-wrap-sw900-192-m,SW900-192-M,Avery Dennison SW900 Gloss Black Metallic Vinyl Wrap,Avery,Metallic,,,,
avery-gloss-black-vinyl-wrap-sw900-190-o,SW900-190-O,Avery Dennison SW900 Gloss Black Vinyl Wrap,Avery,Gloss,,,,
avery-gloss-blue-diamond-vinyl-wrap-sw900-676-d,SW900-676-D,Avery Dennison SW900 Gloss Blue Diamond Vinyl Wrap,Avery,Diamond,,,,
avery-gloss-blue-vinyl-wrap-sw900-677-o,SW900-677-O,Avery Dennison SW900 Gloss Blue Vinyl Wrap,Avery,Gloss,,,,
avery-gloss-bright-blue-metallic-sw900-646-m,SW900-646-M,Avery Dennison SW900 Gloss Bright Blue Metallic Vinyl Wrap,Avery,Metallic,,,,
avery-gloss-brown-metallic-vinyl-wrap-sw900-929-m,SW900-929-M,Avery Dennison SW900 Gloss Brown Metallic Vinyl Wrap,Avery,Metallic,,,,
avery-gloss-burgundy-vinyl-wrap-sw900-475-o,SW900-475-O,Avery Dennison SW900 Gloss Burgundy Vinyl Wrap,Avery,Gloss,,,,
avery-gloss-cardinal-red-vinyl-wrap-sw900-433-o,SW900-433-O,Avery Dennison SW900 Gloss Cardinal Red Vinyl Wrap,Avery,Gloss,,,,
avery-gloss-carmine-red-vinyl-wrap-sw900-436-o,SW900-436-O,Avery Dennison SW900 Gloss Carmine Red Vinyl Wrap,Avery,Gloss,,,,
avery-gloss-cloudy-blue-vinyl-wrap-sw900-656-o,SW900-656-O,Avery Dennison SW900 Gloss Cloudy Blue Vinyl Wrap,Avery,Gloss,,,,
avery-gloss-dark-blue-metallic-vinyl-wrap-sw900-653-m,SW900-653-M,Avery Dennison SW900 Gloss Dark Blue Metallic Vinyl Wrap,Avery,Metallic,,,,
avery-gloss-dark-blue-vinyl-wrap-sw900-681-o,SW900-681-O,Avery Dennison SW900 Gloss Dark Blue Vinyl Wrap,Avery,Gloss,,,,
avery-gloss-dark-grey-vinyl-wrap-sw900-865-o,SW900-865-O,Avery Dennison SW900 Gloss Dark Gray Vinyl Wrap,Avery,Gloss,,,,
avery-gloss-dark-green-pearl-vinyl-wrap-sw900-796-s,SW900-796-S,Avery Dennison SW900 Gloss Dark Green Pearl Vinyl Wrap,Avery,Gloss,,,,
avery-gloss-dark-green-vinyl-wrap-sw900-792-o,SW900-792-O,Avery Dennison SW900 Gloss Dark Green Vinyl Wrap,Avery,Gloss,,,,
avery-gloss-dark-yellow-vinyl-wrap-sw900-249-o,SW900-249-O,Avery Dennison SW900 Gloss Dark Yellow Vinyl Wrap,Avery,Gloss,,,,
avery-gloss-eclipse-black-vinyl-wrap-sw900-199-m,SW900-199-M,Avery Dennison SW900 Gloss Eclipse Black Vinyl Wrap,Avery,Gloss,,,,
avery-gloss-emerald-green-vinyl-wrap-sw900-771-o,SW900-771-O,Avery Dennison SW900 Gloss Emerald Green Vinyl Wrap,Avery,Gloss,,,,
avery-gloss-fresh-spring-vinyl-wrap-sw900-252-s,SW900-252-S,Avery Dennison SW900 Gloss Fresh Spring Vinyl Wrap,Avery,Gloss,,,,
avery-gloss-fun-purple-vinyl-wrap-sw900-568-s,SW900-568-S,Avery Dennison SW900 Gloss Fun Purple Vinyl Wrap,Avery,Gloss,,,,
avery-gloss-gold-metallic-vinyl-wrap-sw900-215-m,SW900-215-M,Avery Dennison SW900 Gloss Gold Metallic Vinyl Wrap,Avery,Metallic,,,,
avery-dennison-sw900-gloss-gold-orange-pearlescent-vinyl-wrap-sw900-326-s,SW900-326-S,Avery Dennison SW900 Gloss Gold Orange Pearlescent Vinyl Wrap,Avery,Pearlescent,,,,
avery-gloss-grass-green-vinyl-wrap-sw900-758-o,SW900-758-O,Avery Dennison SW900 Gloss Grass Green Vinyl Wrap,Avery,Gloss,,,,
avery-gloss-grey-metallic-vinyl-wrap-sw900-807-m,SW900-807-M,Avery Dennison SW900 Gloss Gray Metallic Vinyl Wrap,Avery,Metallic,,,,
avery-gloss-grey-vinyl-wrap-sw900-832-o,SW900-832-O,Avery Dennison SW900 Gloss Gray Vinyl Wrap,Avery,Gloss,,,,
avery-dennison-sw900-colorflow-gloss-hidden-forest-vinyl-wrap-sw900-789-s,SW900-789-S,Avery Dennison SW900 Gloss Hidden Forest Vinyl Wrap,Avery,Gloss,,,,
avery-gloss-indigo-blue-vinyl-wrap-sw900-699-o,SW900-699-O,Avery Dennison SW900 Gloss Indigo Blue Vinyl Wrap,Avery,Gloss,,,,
avery-gloss-intense-blue-vinyl-wrap-sw900-667-o,SW900-667-O,Avery Dennison SW900 Gloss Intense Blue Vinyl Wrap,Avery,Gloss,,,,
avery-dennison-sw900-gloss-ivory-vinyl-wrap-sw900-902-o,SW900-902-O,Avery Dennison SW900 Gloss Ivory Vinyl Wrap,Avery,Gloss,,,,
avery-gloss-light-blue-vinyl-wrap-sw900-632-o,SW900-632-O,Avery Dennison SW900 Gloss Light Blue Vinyl Wrap,Avery,Gloss,,,,
avery-gloss-light-green-pearlescent-vinyl-wrap-sw900-777-s,SW900-777-S,Avery Dennison SW900 Gloss Light Green Pearlescent Vinyl Wrap,Avery,Pearlescent,,,,
avery-gloss-light-pistachio-vinyl-wrap-sw900-728-o,SW900-728-O,Avery Dennison SW900 Gloss Light Pistachio Vinyl Wrap,Avery,Gloss,,,,
avery-gloss-lightning-ridge-vinyl-wrap-sw900-611-s,SW900-611-S,Avery Dennison SW900 Gloss Lightning Ridge Vinyl Wrap,Avery,Gloss,,,,
avery-gloss-lime-green-vinyl-wrap-sw900-731-o,SW900-731-O,Avery Dennison SW900 Gloss Lime Green Vinyl Wrap,Avery,Gloss,,,,
avery-gloss-magnetic-burst-blue-vinyl-wrap-sw900-679-m,SW900-679-M,Avery Dennison SW900 Gloss Magnetic Burst Blue Vinyl Wrap,Avery,Gloss,,,,
avery-dennison-sw900-gloss-metallic-cosmic-rose-vinyl-wrap-sw900-526-m,,Avery Dennison SW900 Gloss Metallic Cosmic Rose SW900-526-M,Avery,Metallic,,,,
avery-dennison-sw900-gloss-metallic-gothic-rose-vinyl-wrap-sw900-402-m,SW900-402-M,Avery Dennison SW900 Gloss Metallic Gothic Rose Vinyl Wrap,Avery,Metallic,,,,
avery-dennison-sw900-gloss-metallic-popstar-concert-purple-vinyl-wrap-sw900-521-m,,Avery Dennison SW900 Gloss Metallic Popstar Concert Purple SW900-521-M,Avery,Metallic,,,,
avery-dennison-sw900-gloss-metallic-vibrant-violet-vinyl-wrap-sw900-522-m,SW900-522-M,Avery Dennison SW900 Gloss Metallic Vibrant Violet Vinyl Wrap,Avery,Metallic,,,,
avery-dennison-sw900-gloss-misty-grey-vinyl-wrap-sw900-827-o,SW900-827-O,Avery Dennison SW900 Gloss Misty Grey Vinyl Wrap,Avery,Gloss,,,,
avery-dennison-sw900-gloss-mysterious-indigo-metallic-vinyl-wrap-sw900-700-m,SW900-700-M,Avery Dennison SW900 Gloss Mysterious Indigo Metallic Vinyl Wrap,Avery,Metallic,,,,
avery-dennison-sw900-gloss-mystery-black-metallic-vinyl-wrap-sw900-184-m,SW900-184-M,Avery Dennison SW900 Gloss Mystery Black Metallic Vinyl Wrap,Avery,Metallic,,,,
avery-gloss-obsidian-black-vinyl-wrap-sw900-191-o,SW900-191-O,Avery Dennison SW900 Gloss Obsidian Black Vinyl Wrap,Avery,Gloss,,,,
avery-gloss-orange-vinyl-wrap-sw900-373-o,SW900-373-O,Avery Dennison SW900 Gloss Orange Vinyl Wrap,Avery,Gloss,,,,
avery-dennison-sw900-gloss-park-avenue-blue-vinyl-wrap-sw900-703-o,SW900-703-O,Avery Dennison SW900 Gloss Park Avenue Blue Vinyl Wrap,Avery,Gloss,,,,
avery-gloss-passion-red-vinyl-wrap-sw900-448-s,SW900-448-S,Avery Dennison SW900 Gloss Passion Red Vinyl Wrap,Avery,Gloss,,,,
avery-dennison-sw900-gloss-pearl-tutu-pink-vinyl-wrap-sw900-523-m,SW900-523-M,Avery Dennison SW900 Gloss Pearl Tutu Pink Vinyl Wrap,Avery,Gloss,,,,
avery-dennison-sw900-gloss-pearl-white-snow-vinyl-wrap-sw900-110-s,SW900-110-S,Avery Dennison SW900 Gloss Pearl White Snow Vinyl Wrap,Avery,Gloss,,,,
avery-dennison-sw900-gloss-pool-party-pink-vinyl-wrap-sw900-517-o,,Avery Dennison SW900 Gloss Pool Party Pink SW900-517-O,Avery,Gloss,,,,
avery-dennison-sw900-gloss-prismatic-grey-metallic-vinyl-wrap-sw900-879-m,SW900-879-M,Avery Dennison SW900 Gloss Prismatic Gray Metallic Vinyl Wrap,Avery,Metallic,,,,
avery-dennison-sw900-gloss-pure-red-vinyl-wrap-sw900-401-m,,Avery Dennison SW900 Gloss Pure Red SW900-401-M,Avery,Gloss,,,,
avery-gloss-purple-diamond-vinyl-wrap-sw900-587-d,SW900-587-D,Avery Dennison SW900 Gloss Purple Diamond Vinyl Wrap,Avery,Diamond,,,,
avery-gloss-quick-silver-metallic-vinyl-wrap-sw900-816-m,SW900-816-M,Avery Dennison SW900 Gloss Quicksilver Metallic Vinyl Wrap,Avery,Metallic,,,,
avery-gloss-radioactive-green-vinyl-wrap-sw900-762-m,SW900-762-M,Avery Dennison SW900 Gloss Radioactive Green Vinyl Wrap,Avery,Gloss,,,,
avery-gloss-red-diamond-vinyl-wrap-sw900-426-d,SW900-426-D,Avery Dennison SW900 Gloss Red Diamond Vinyl Wrap,Avery,Diamond,,,,
avery-gloss-red-vinyl-wrap-sw900-415-0,SW900-415-O,Avery Dennison SW900 Gloss Red Vinyl Wrap,Avery,Gloss,,,,
avery-gloss-rising-sun-vinyl-wrap-sw900-447-s,SW900-447-S,Avery Dennison SW900 Gloss Rising Sun Vinyl Wrap,Avery,Gloss,,,,
avery-gloss-roaring-thunder-vinyl-wrap-sw900-552-s,SW900-552-S,Avery Dennison SW900 Gloss Roaring Thunder Vinyl Wrap,Avery,Gloss,,,,
avery-gloss-rock-grey-vinyl-wrap-sw900-921-o,SW900-821-O,Avery Dennison SW900 Gloss Rock Gray Vinyl Wrap,Avery,Gloss,,,,
avery-gloss-rushing-riptide-vinyl-wrap-sw900-674-s,SW900-674-S,Avery Dennison SW900 Gloss Rushing Riptide Vinyl Wrap,Avery,Gloss,,,,
avery-dennison-sw900-gloss-sand-dune-vinyl-wrap-sw900-901-o,SW900-901-O,Avery Dennison SW900 Gloss Sand Dune Vinyl Wrap,Avery,Gloss,,,,
avery-dennison-sw900-gloss-sand-sparkle-vinyl-wrap-sw900-255-m,SW900-255-M,Avery Dennison SW900 Gloss Sand Sparkle Vinyl Wrap,Avery,Gloss,,,,
avery-gloss-sea-breeze-blue-vinyl-wrap-sw900-648-o,SW900-648-O,Avery Dennison SW900 Gloss Sea Breeze Blue Vinyl Wrap,Avery,Gloss,,,,
avery-gloss-silver-diamond-vinyl-wrap-sw900-878-d,SW900-878-D,Avery Dennison SW900 Gloss Silver Diamond Vinyl Wrap,Avery,Diamond,,,,
avery-gloss-silver-metallic-vinyl-wrap-sw900-803-m,SW900-803-M,Avery Dennison SW900 Gloss Silver Metallic Vinyl Wrap,Avery,Metallic,,,,
avery-gloss-smoky-blue-vinyl-wrap-sw900-612-o,SW900-612-O,Avery Dennison SW900 Gloss Smoky Blue Vinyl Wrap,Avery,Gloss,,,,
avery-dennison-sw900-gloss-smooth-sage-vinyl-wrap-sw900-729-o,SW900-729-O,Avery Dennison SW900 Gloss Smooth Sage Vinyl Wrap,Avery,Gloss,,,,
avery-gloss-soft-red-vinyl-wrap-sw900-427-o,SW900-427-O,Avery Dennison SW900 Gloss Soft Red Vinyl Wrap,Avery,Gloss,,,,
avery-gloss-spark-red-vinyl-wrap-sw900-419-m,SW900-419-M,Avery Dennison SW900 Gloss Spark Red Vinyl Wrap,Avery,Gloss,,,,
avery-dennison-sw900-gloss-tropical-vacation-green-vinyl-wrap-sw900-701-o,,Avery Dennison SW900 Gloss Tropical Vacation Green SW900-701-O,Avery,Gloss,,,,
avery-dennison-sw900-gloss-turquoise-ocean-vinyl-wrap-sw900-6329-o,SW900-6329-O,Avery Dennison SW900 Gloss Turquoise Ocean Vinyl Wrap,Avery,Gloss,,,,
avery-gloss-urban-jungle-vinyl-wrap-sw900-787-s,SW900-787-S,Avery Dennison SW900 Gloss Urban Jungle Vinyl Wrap,Avery,Gloss,,,,
avery-gloss-white-diamond-vinyl-wrap-sw900-161-d,SW900-161-D,Avery Dennison SW900 Gloss White Diamond Vinyl Wrap,Avery,Diamond,,,,
avery-gloss-white-pearl-vinyl-wrap-sw900-109-s,SW900-109-S,Avery Dennison SW900 Gloss White Pearl Vinyl Wrap,Avery,Gloss,,,,
avery-gloss-white-vinyl-wrap-sw900-101-o,SW900-101-O,Avery Dennison SW900 Gloss White Vinyl Wrap,Avery,Gloss,,,,
avery-gloss-yellow-vinyl-wrap-sw900-235-o,SW900-235-O,Avery Dennison SW900 Gloss Yellow Vinyl Wrap,Avery,Gloss,,,,
avery-matte-anthracite-metallic-vinyl-wrap-sw900-858-m,SW900-858-M,Avery Dennison SW900 Matte Anthracite Metallic Vinyl Wrap,Avery,Metallic,,,,
avery-matte-black-vinyl-wrap-sw900-180-o,SW900-180-O,Avery Dennison SW900 Matte Black Vinyl Wrap,Avery,Matte,,,,
avery-matte-blue-metallic-vinyl-wrap-sw900-615-m,SW900-615-M,Avery Dennison SW900 Matte Blue Metallic Vinyl Wrap,Avery,Metallic,,,,
avery-matte-brilliant-blue-metallic-vinyl-wrap-sw900-671-m,SW900-671-M,Avery Dennison SW900 Matte Brilliant Blue Metallic Vinyl Wrap,Avery,Metallic,,,,
avery-matte-charcoal-metallic-vinyl-wrap-sw900-845-m,SW900-845-M,Avery Dennison SW900 Matte Charcoal Metallic Vinyl Wrap,Avery,Metallic,,,,
avery-dennison-sw900-matte-cherry-metallic-vinyl-wrap-sw900-444-m,SW900-444-M,Avery Dennison SW900 Matte Cherry Metallic Vinyl Wrap,Avery,Metallic,,,,
avery-matte-dark-gray-vinyl-wrap-sw900-856-o,SW900-856-O,Avery Dennison SW900 Matte Dark Gray Vinyl Wrap,Avery,Matte,,,,
avery-dennison-sw900-matte-dreamline-blue-vinyl-wrap-sw900-616-o,SW900-616-O,Avery Dennison SW900 Matte Dreamline Blue Vinyl Wrap,Avery,Matte,,,,
avery-matte-emerald-green-metallic-vinyl-wrap-sw900-771-m,SW900-771-M,Avery Dennison SW900 Matte Emerald Green Metallic Vinyl Wrap,Avery,Metallic,,,,
avery-matte-frosty-blue-metallic-vinyl-wrap-sw900-643-m,SW900-643-M,Avery Dennison SW900 Matte Frosty Blue Metallic Vinyl Wrap,Avery,Metallic,,,,
avery-matte-garnet-metallic-vinyl-wrap-sw900-472-m,SW900-472-M,Avery Dennison SW900 Matte Garnet Red Metallic Vinyl Wrap,Avery,Metallic,,,,
avery-matte-green-apple-metallic-vinyl-wrap-sw900-745-m,SW900-745-M,Avery Dennison SW900 Matte Green Apple Metallic Vinyl Wrap,Avery,Metallic,,,,
avery-matte-gunmetal-metallic-vinyl-wrap-sw900-840-m,SW900-840-M,Avery Dennison SW900 Matte Gunmetal Metallic Vinyl Wrap,Avery,Metallic,,,,
avery-matte-khaki-vinyl-wrap-sw900-711-o,SW900-711-O,Avery Dennison SW900 Matte Khaki Green Vinyl Wrap,Avery,Matte,,,,
avery-dennison-sw900-matte-metallic-oasis-blue-vinyl-wrap-sw900-708-m,SW900-708-M,Avery Dennison SW900 Matte Metallic Oasis Blue Vinyl Wrap,Avery,Metallic,,,,
avery-matte-moss-green-metallic-vinyl-wrap-sw900-737-s,SW900-737-S,Avery Dennison SW900 Matte Moss Green Metallic Vinyl Wrap,Avery,Metallic,,,,
avery-matte-night-blue-metallic-vinyl-wrap-sw900-623-m,SW900-623-M,Avery Dennison SW900 Matte Night Blue Metallic Vinyl Wrap,Avery,Metallic,,,,
avery-matte-olive-green-vinyl-wrap-sw900-732-o,SW900-732-O,Avery Dennison SW900 Matte Olive Green Vinyl Wrap,Avery,Matte,,,,
avery-matte-orange-vinyl-wrap-sw900-321-o,SW900-321-O,Avery Dennison SW900 Matte Orange Vinyl Wrap,Avery,Matte,,,,
avery-matte-pink-metallic-vinyl-wrap-sw900-520-m,SW900-520-M,Avery Dennison SW900 Matte Pink Metallic Vinyl Wrap,Avery,Metallic,,,,
avery-matte-purple-metallic-vinyl-wrap-sw900-565-m,SW900-565-M,Avery Dennison SW900 Matte Purple Metallic Vinyl Wrap,Avery,Metallic,,,,
avery-matte-silver-metallic-vinyl-wrap-sw900-857-m,SW900-857-M,Avery Dennison SW900 Matte Silver Metallic Vinyl Wrap,Avery,Metallic,,,,
avery-matte-white-vinyl-wrap-sw900-102-o,SW900-102-O,Avery Dennison SW900 Matte White Vinyl Wrap,Avery,Matte,,,,
avery-rugged-bedrock-grey-vinyl-wrap-sw900-824-x,SW900-824-X,Avery Dennison SW900 Rugged Bedrock Gray Vinyl Wrap,Avery,,,,,
avery-rugged-combat-green-vinyl-wrap-sw900-718-x,SW900-718-X,Avery Dennison SW900 Rugged Combat Green Vinyl Wrap,Avery,,,,,
avery-rugged-marsh-green-vinyl-wrap-sw900-738-x,SW900-738-X,Avery Dennison SW900 Rugged Marsh Green Vinyl Wrap,Avery,,,,,
avery-dennison-sw900-rugged-marsh-green-vinyl-wrap-sw900-738-x-blowout-stock-130-sq-ft-476793,SW900-738-X,Avery Dennison SW900 Rugged Marsh Green Vinyl Wrap,Avery,,,,,
avery-dennison-sw900-rugged-marsh-green-vinyl-wrap-sw900-738-x-blowout-stock-170-sq-ft-v425435,SW900-738-X,Avery Dennison SW900 Rugged Marsh Green Vinyl Wrap,Avery,,,,,
avery-rugged-onyx-black-vinyl-wrap-sw900-182-x,SW900-182-X,Avery Dennison SW900 Rugged Onyx Black Vinyl Wrap,Avery,,,,,
avery-dennison-sw900-satin-orchid-vinyl-wrap-sw900-502-o,SW900-502-O,Avery Dennison SW900 Satin Awesome Orchid Vinyl Wrap,Avery,Satin,,,,
avery-satin-black-rock-grey-metallic-vinyl-wrap-sw900-823-m,SW900-823-M,Avery Dennison SW900 Satin Black Rock Gray Metallic Vinyl Wrap,Avery,Metallic,,,,
avery-satin-black-vinyl-wrap-sw900-197-o,SW900-197-O,Avery Dennison SW900 Satin Black Vinyl Wrap,Avery,Satin,,,,
avery-satin-bubblegum-pink-vinyl-wrap-sw900-514-o,SW900-514-O,Avery Dennison SW900 Satin Bubblegum Pink Vinyl Wrap,Avery,Satin,,,,
avery-satin-carmine-red-vinyl-wrap-sw900-438-o,SW900-438-O,Avery Dennison SW900 Satin Carmine Red Vinyl Wrap,Avery,Satin,,,,
avery-satin-cool-teal-vinyl-wrap-sw900-716-s,SW900-716-S,Avery Dennison SW900 Satin Cool Teal Vinyl Wrap,Avery,Satin,,,,
avery-satin-dark-basalt-vinyl-wrap-sw900-871-s,SW900-871-S,Avery Dennison SW900 Satin Dark Basalt Vinyl Wrap,Avery,Satin,,,,
avery-satin-dark-blue-vinyl-wrap-sw900-682-o,SW900-682-O,Avery Dennison SW900 Satin Dark Blue Vinyl Wrap,Avery,Satin,,,,
avery-satin-dark-grey-vinyl-wrap-sw900-854-m,SW900-854-M,Avery Dennison SW900 Satin Dark Gray Vinyl Wrap,Avery,Satin,,,,
avery-satin-energetic-yellow-vinyl-wrap-sw900-261-s,SW900-261-S,Avery Dennison SW900 Satin Energetic Yellow Vinyl Wrap,Avery,Satin,,,,
avery-satin-fresh-spring-vinyl-wrap-sw900-251-s,SW900-251-S,Avery Dennison SW900 Satin Fresh Spring Vinyl Wrap,Avery,Satin,,,,
avery-dennison-sw900-satin-frozen-ocean-vinyl-wrap-sw900-788-s,SW900-788-S,Avery Dennison SW900 Satin Frozen Ocean Vinyl Wrap,Avery,Satin,,,,
avery-satin-gray-vinyl-wrap-sw900-833-o,SW900-833-O,Avery Dennison SW900 Satin Gray Vinyl Wrap,Avery,Satin,,,,
avery-satin-hope-green-vinyl-wrap-sw900-767-s,SW900-767-S,Avery Dennison SW900 Satin Hope Green Vinyl Wrap,Avery,Satin,,,,
avery-dennison-sw900-satin-jade-vinyl-wrap-sw900-702-o,SW900-702-O,Avery Dennison SW900 Satin Jade Vinyl Wrap,Avery,Satin,,,,
avery-satin-khaki-vinyl-wrap-sw900-712-o,SW900-712-O,Avery Dennison SW900 Satin Khaki Green Vinyl Wrap,Avery,Satin,,,,
avery-satin-light-blue-vinyl-wrap-sw900-633-o,SW900-633-O,Avery Dennison SW900 Satin Light Blue Vinyl Wrap,Avery,Satin,,,,
avery-satin-lightning-ridge-vinyl-wrap-sw900-610-s,SW900-610-S,Avery Dennison SW900 Satin Lightning Ridge Vinyl Wrap,Avery,Satin,,,,
avery-dennison-sw900-satin-metallic-cyber-green-vinyl-wrap-sw900-707-m,SW900-707-M,Avery Dennison SW900 Satin Metallic Cyber Green Vinyl Wrap,Avery,Metallic,,,,
avery-dennison-sw900-satin-metallic-flamingo-dance-vinyl-wrap-sw900-501-m,SW900-501-M,Avery Dennison SW900 Satin Metallic Flamingo Dance Vinyl Wrap,Avery,Metallic,,,,
avery-dennison-sw900-satin-metallic-spy-grey-vinyl-wrap-sw900-828-m,SW900-828-M,Avery Dennison SW900 Satin Metallic Spy Grey Vinyl Wrap,Avery,Metallic,,,,
avery-dennison-sw900-satin-moonstone-vinyl-wrap-sw900-634-s,SW900-634-S,Avery Dennison SW900 Satin Moonstone Vinyl Wrap,Avery,Satin,,,,
avery-dennison-sw900-satin-pearl-white-snow-vinyl-wrap-sw900-118-s,SW900-118-S,Avery Dennison SW900 Satin Pearl White Snow Vinyl Wrap,Avery,Satin,,,,
avery-satin-purple-metallic-vinyl-wrap-sw900-566-m,SW900-566-M,Avery Dennison SW900 Satin Purple Metallic Vinyl Wrap,Avery,Metallic,,,,
avery-satin-rising-sun-vinyl-wrap-sw900-446-s,SW900-446-S,Avery Dennison SW900 Satin Rising Sun Vinyl Wrap,Avery,Satin,,,,
avery-satin-roaring-thunder-vinyl-wrap-sw900-551-s,SW900-551-S,Avery Dennison SW900 Satin Roaring Thunder Vinyl Wrap,Avery,Satin,,,,
avery-satin-rushing-riptide-vinyl-wrap-sw900-673-s,SW900-673-S,Avery Dennison SW900 Satin Rushing Riptide Vinyl Wrap,Avery,Satin,,,,
avery-satin-safari-gold-vinyl-wrap-sw900-260-s,SW900-260-S,Avery Dennison SW900 Satin Safari Gold Vinyl Wrap,Avery,Satin,,,,
avery-satin-silver-metallic-vinyl-wrap-sw900-805-m,SW900-805-M,Avery Dennison SW900 Satin Silver Metallic Vinyl Wrap,Avery,Metallic,,,,
avery-dennison-sw900-satin-solar-dawn-vinyl-wrap-sw900-476-s,SW900-476-S,Avery Dennison SW900 Satin Solar Dawn Vinyl Wrap,Avery,Satin,,,,
avery-satin-stunning-orange-vinyl-wrap-sw900-316-s,SW900-316-S,Avery Dennison SW900 Satin Stunning Orange Vinyl Wrap,Avery,Satin,,,,
avery-dennison-sw900-satin-sunset-ride-vinyl-wrap-sw900-302-o,SW900-302-O,Avery Dennison SW900 Satin Sunset Ride Vinyl Wrap,Avery,Satin,,,,
avery-satin-urban-jungle-vinyl-wrap-sw900-786-s,SW900-786-S,Avery Dennison SW900 Satin Urban Jungle Vinyl Wrap,Avery,Satin,,,,
avery-dennison-sw900-satin-urban-jungle-vinyl-wrap-sw900-786-s-blowout-stock-185-sq-ft-v216791,SW900-786-S,Avery Dennison SW900 Satin Urban Jungle Vinyl Wrap,Avery,Satin,,,,
avery-satin-wave-blue-vinyl-wrap-sw900-629-s,SW900-629-S,Avery Dennison SW900 Satin Wave Blue Vinyl Wrap,Avery,Satin,,,,
avery-satin-white-pearlescent-vinyl-wrap-sw900-117-o,SW900-117-O,Avery Dennison SW900 Satin White Pearlescent Vinyl Wrap,Avery,Pearlescent,,,,
avery-satin-white-vinyl-wrap-sw900-116-o,SW900-116-O,Avery Dennison SW900 Satin White Vinyl Wrap,Avery,Satin,,,,
avery-satin-yellow-vinyl-wrap-sw900-224-o,SW900-224-O,Avery Dennison SW900 Satin Yellow Vinyl Wrap,Avery,Satin,,,,
avery-white-carbon-fiber-vinyl-wrap-sw900-115-x,SW900-115-X,Avery Dennison SW900 White Carbon Fiber Vinyl Wrap,Avery,,,,,
blue-head-tail-light-lens-vinyl-film,,Blue Head/Tail Light Lens Vinyl Film,Metro Restyling,,,,,
cheetah-wrap-gloss-berry-blue-vinyl-wrap,,Cheetah Wrap Gloss Berry Blue Vinyl Wrap,CheetahWrap,Gloss,,,,
cheetah-wrap-gloss-black-metallic-vinyl-wrap,,Cheetah Wrap Gloss Black Metallic Vinyl Wrap,CheetahWrap,Metallic,,,,
cheetah-wrap-gloss-black-rose-vinyl-wrap,,Cheetah Wrap Gloss Black Rose Vinyl Wrap,CheetahWrap,Gloss,,,,
cheetah-wrap-gloss-black-vinyl-wrap,,Cheetah Wrap Gloss Black Vinyl Wrap,CheetahWrap,Gloss,,,,
cheetah-wrap-gloss-bright-yellow-vinyl-wrap,,Cheetah Wrap Gloss Bright Yellow Vinyl Wrap,CheetahWrap,Gloss,,,,
cheetah-wrap-gloss-british-racing-green-metallic-vinyl-wrap,,Cheetah Wrap Gloss British Racing Green Metallic Vinyl Wrap,CheetahWrap,Metallic,,,,
cheetah-wrap-gloss-bubblegum-pink-vinyl-wrap,,Cheetah Wrap Gloss Bubblegum Pink Vinyl Wrap,CheetahWrap,Gloss,,,,
cheetah-wrap-gloss-carmine-red-vinyl-wrap,,Cheetah Wrap Gloss Carmine Red Vinyl Wrap,CheetahWrap,Gloss,,,,
cheetah-wrap-gloss-charcoal-metallic-vinyl-wrap,,Cheetah Wrap Gloss Charcoal Metallic Vinyl Wrap,CheetahWrap,Metallic,,,,
cheetah-wrap-gloss-cresting-silver-metallic-vinyl-wrap,,Cheetah Wrap Gloss Cresting Silver Metallic Vinyl Wrap,CheetahWrap,Metallic,,,,
cheetah-wrap-gloss-desert-tan-vinyl-wrap,,Cheetah Wrap Gloss Desert Tan Vinyl Wrap,CheetahWrap,Gloss,,,,
cheetah-wrap-gloss-grass-green-vinyl-wrap,,Cheetah Wrap Gloss Grass Green Vinyl Wrap,CheetahWrap,Gloss,,,,
cheetah-wrap-gloss-khaki-green-vinyl-wrap,,Cheetah Wrap Gloss Khaki Green Vinyl Wrap,CheetahWrap,Gloss,,,,
cheetah-wrap-gloss-lava-orange-metallic-vinyl-wrap,,Cheetah Wrap Gloss Lava Orange Metallic Vinyl Wrap,CheetahWrap,Metallic,,,,
cheetah-wrap-gloss-light-blue-vinyl-wrap,,Cheetah Wrap Gloss Light Blue Vinyl Wrap,CheetahWrap,Gloss,,,,
cheetah-wrap-gloss-light-gray-vinyl-wrap,,Cheetah Wrap Gloss Light Gray Vinyl Wrap,CheetahWrap,Gloss,,,,
cheetah-wrap-gloss-midnight-metallic-vinyl-wrap,,Cheetah Wrap Gloss Midnight Metallic Vinyl Wrap,CheetahWrap,Metallic,,,,
cheetah-wrap-gloss-military-green-vinyl-wrap,,Cheetah Wrap Gloss Military Green Vinyl Wrap,CheetahWrap,Gloss,,,,
cheetah-wrap-gloss-nardo-gray-vinyl-wrap,,Cheetah Wrap Gloss Nardo Gray Vinyl Wrap,CheetahWrap,Gloss,,,,
cheetah-wrap-gloss-orange-vinyl-wrap,,Cheetah Wrap Gloss Orange Vinyl Wrap,CheetahWrap,Gloss,,,,
cheetah-wrap-gloss-passion-purple-vinyl-wrap,,Cheetah Wrap Gloss Passion Purple Vinyl Wrap,CheetahWrap,Gloss,,,,
cheetah-wrap-gloss-pearl-lavender-vinyl-wrap,,Cheetah Wrap Gloss Pearl Lavender Vinyl Wrap,CheetahWrap,Gloss,,,,
cheetah-wrap-gloss-pearl-white-vinyl-wrap,,Cheetah Wrap Gloss Pearl White Vinyl Wrap,CheetahWrap,Gloss,,,,
cheetah-wrap-gloss-perfect-peach-vinyl-wrap,,Cheetah Wrap Gloss Perfect Peach Vinyl Wrap,CheetahWrap,Gloss,,,,
cheetah-wrap-gloss-sandstorm-vinyl-wrap,,Cheetah Wrap Gloss Sandstorm Vinyl Wrap,CheetahWrap,Gloss,,,,
cheetah-wrap-gloss-sea-wave-metallic-vinyl-wrap,,Cheetah Wrap Gloss Sea Wave Metallic Vinyl Wrap,CheetahWrap,Metallic,,,,
cheetah-wrap-gloss-white-vinyl-wrap,,Cheetah Wrap Gloss White Vinyl Wrap,CheetahWrap,Gloss,,,,
cheetah-wrap-gloss-wild-ride-red-metallic-vinyl-wrap,,Cheetah Wrap Gloss Wild Ride Red Metallic Vinyl Wrap,CheetahWrap,Metallic,,,,
cheetah-wrap-matte-black-vinyl-wrap,,Cheetah Wrap Matte Black Vinyl Wrap,CheetahWrap,Matte,,,,
cheetah-wrap-matte-carmine-red-vinyl-wrap,,Cheetah Wrap Matte Carmine Red Vinyl Wrap,CheetahWrap,Matte,,,,
cheetah-wrap-matte-charcoal-metallic-vinyl-wrap,,Cheetah Wrap Matte Charcoal Metallic Vinyl Wrap,CheetahWrap,Metallic,,,,
cheetah-wrap-matte-desert-tan-vinyl-wrap,,Cheetah Wrap Matte Desert Tan Vinyl Wrap,CheetahWrap,Matte,,,,
cheetah-wrap-matte-khaki-green-vinyl-wrap,,Cheetah Wrap Matte Khaki Green Vinyl Wrap,CheetahWrap,Matte,,,,
cheetah-wrap-matte-military-green-vinyl-wrap,,Cheetah Wrap Matte Military Green Vinyl Wrap,CheetahWrap,Matte,,,,
cheetah-wrap-matte-nardo-gray-vinyl-wrap,,Cheetah Wrap Matte Nardo Gray Vinyl Wrap,CheetahWrap,Matte,,,,
cheetah-wrap-matte-sandstorm-vinyl-wrap,,Cheetah Wrap Matte Sandstorm Vinyl Wrap,CheetahWrap,Matte,,,,
cheetah-wrap-satin-berry-blue-aluminum-vinyl-wrap,,Cheetah Wrap Satin Berry Blue Aluminum Vinyl Wrap,CheetahWrap,Satin,,,,
cheetah-wrap-satin-black-rose-aluminum-vinyl-wrap,,Cheetah Wrap Satin Black Rose Aluminum Vinyl Wrap,CheetahWrap,Satin,,,,
cheetah-wrap-satin-black-vinyl-wrap,,Cheetah Wrap Satin Black Vinyl Wrap,CheetahWrap,Satin,,,,
cheetah-wrap-satin-blue-aluminum-vinyl-wrap,,Cheetah Wrap Satin Blue Aluminum Vinyl Wrap,CheetahWrap,Satin,,,,
cheetah-wrap-satin-charcoal-metallic-vinyl-wrap,,Cheetah Wrap Satin Charcoal Metallic Vinyl Wrap,CheetahWrap,Metallic,,,,
cheetah-wrap-satin-cheetah-green-vinyl-wrap,,Cheetah Wrap Satin Cheetah Green Vinyl Wrap,CheetahWrap,Satin,,,,
cheetah-wrap-satin-gray-aluminum-vinyl-wrap,,Cheetah Wrap Satin Gray Aluminum Vinyl Wrap,CheetahWrap,Satin,,,,
cheetah-wrap-satin-nardo-gray-vinyl-wrap,,Cheetah Wrap Satin Nardo Gray Vinyl Wrap,CheetahWrap,Satin,,,,
cheetah-wrap-satin-passion-purple-vinyl-wrap,,Cheetah Wrap Satin Passion Purple Vinyl Wrap,CheetahWrap,Satin,,,,
cheetah-wrap-satin-pearl-white-vinyl-wrap,,Cheetah Wrap Satin Pearl White Vinyl Wrap,CheetahWrap,Satin,,,,
cheetah-wrap-satin-pine-green-metallic-vinyl-wrap,,Cheetah Wrap Satin Pine Green Metallic Vinyl Wrap,CheetahWrap,Metallic,,,,
cheetah-wrap-satin-stormy-gray-vinyl-wrap,,Cheetah Wrap Satin Stormy Gray Vinyl Wrap,CheetahWrap,Satin,,,,
cheetah-wrap-satin-white-vinyl-wrap,,Cheetah Wrap Satin White Vinyl Wrap,CheetahWrap,Satin,,,,
cheetah-wrap-satin-yellow-gold-aluminum-vinyl-wrap,,Cheetah Wrap Satin Yellow Gold Aluminum Vinyl Wrap,CheetahWrap,Satin,,,,
cheetah-wrap-paint-protection-film,,CheetahWrap Paint Protection Film,CheetahWrap,,,,,
blowout-stock-215-sq-ft-658193,BLOWOUT,CheetahWrap Satin Black Vinyl Wrap,CheetahWrap,Satin,,,,
cheetah-wrap-satin-pine-green-metallic-vinyl-wrap-blowout-stock-485-sq-ft-841512,BLOWOUT,CheetahWrap Satin Pine Green Metallic Vinyl Wrap,CheetahWrap,Metallic,,,,
cys-auto-guard-clear-gloss-cagg-10,CAGG-10,CYS Auto Guard Clear Gloss Paint Protection Film,CYS,Gloss,,,,
cys-auto-guard-clear-stealth-cagg-20,CAGG-20,CYS Auto Guard Clear Stealth Paint Protection Film,CYS,,,,,
cys-auto-guard-track-absolute-black-cagg-190,CAGG-190,CYS Auto Guard Track Absolute Black Paint Protection Film,CYS,,,,,
cys-matte-alpine-pearl-white-cmp-118,CMP-118,CYS Matte Alpine Pearl White Vinyl Wrap,CYS,Matte,,,,
cys-matte-frigid-grape-flip-cmf-551,CMF-551,CYS Matte Frigid Grape Flip Vinyl Wrap,CYS,Matte,,,,
cys-matte-frigid-red-black-flip-cmf-437,CMF-437,CYS Matte Frigid Red Black Flip Vinyl Wrap,CYS,Matte,,,,
cys-matte-frigid-red-cm-456,CM-456,CYS Matte Frigid Red Vinyl Wrap,CYS,Matte,,,,
cys-matte-frigid-seawater-flip-cmf-552,CMF-552,CYS Matte Frigid Seawater Flip Vinyl Wrap,CYS,Matte,,,,
cys-matte-frigid-silver-cm-899,CM-899,CYS Matte Frigid Silver Vinyl Wrap,CYS,Matte,,,,
cys-matte-frigid-solar-lime-flip-cmf-755,CMF-755,CYS Matte Frigid Solar Lime Flip Vinyl Wrap,CYS,Matte,,,,
cys-matte-khaki-green-cm-731,CM-731,CYS Matte Khaki Green Vinyl Wrap,CYS,Matte,,,,
cys-matte-metallic-oil-slick-grey-flip-cmf-801,CMF-801,CYS Matte Metallic Oil Slick Grey Flip Vinyl Wrap,CYS,Metallic,,,,
cys-matte-rosewater-cm-504,CM-504,CYS Matte Rosewater Vinyl Wrap,CYS,Matte,,,,
cys-matte-vintage-green-cm-768,CM-768,CYS Matte Vintage Green Vinyl Wrap,CYS,Matte,,,,
cys-satin-absolute-black-vinyl-wrap-cs-197,CS-197,CYS Satin Absolute Black Vinyl Wrap,CYS,Satin,,,,
cys-satin-absolute-white-cs-116,CS-116,CYS Satin Absolute White Vinyl Wrap,CYS,Satin,,,,
cys-satin-pearl-white-csp-117,CSP-117,CYS Satin Pearl White Vinyl Wrap,CYS,Satin,,,,
cys-gloss-ammolite-gemstone-chrome-cgc-13,CGC-13,CYS Super Gloss Ammolite Gemstone Chrome Vinyl Wrap,CYS,Super Gloss,,,,
cys-gloss-army-green-cg-739,CG-739,CYS Super Gloss Army Green Vinyl Wrap,CYS,Super Gloss,,,,
cys-gloss-blissful-waters-chrome-cgc-11,CGC-11,CYS Super Gloss Blissful Waters Chrome Vinyl Wrap,CYS,Super Gloss,,,,
cys-gloss-blue-space-cg-606,CG-606,CYS Super Gloss Blue Space Vinyl Wrap,CYS,Super Gloss,,,,
cys-gloss-forged-black-carbon-ccf-101,CCF-101,CYS Super Gloss Forged Black Carbon Vinyl Wrap,CYS,Super Gloss,,,,
cys-gloss-forged-green-carbon-vinyl-wrap-ccf-720,CCF-720,CYS Super Gloss Forged Green Carbon Vinyl Wrap,CYS,Super Gloss,,,,
cys-gloss-forged-orange-carbon-vinyl-wrap-ccf-373,CCF-373,CYS Super Gloss Forged Orange Carbon Vinyl Wrap,CYS,Super Gloss,,,,
cys-gloss-key-lime-cg-756,CG-756,CYS Super Gloss Key Lime Vinyl Wrap,CYS,Super Gloss,,,,
cys-gloss-liquid-metal-cg-869,CG-869,CYS Super Gloss Liquid Metal Vinyl Wrap,CYS,Super Gloss,,,,
cys-gloss-metallic-antigua-blue-cgm-611,CGM-611,CYS Super Gloss Metallic Antigua Blue,CYS,Super Gloss,,,,
cys-gloss-metallic-gala-pink-cgm-523,CGM-523,CYS Super Gloss Metallic Gala Pink Vinyl Wrap,CYS,Super Gloss,,,,
cys-gloss-metallic-iceberg-blue-cgm-604,CGM-604,CYS Super Gloss Metallic Iceberg Blue Vinyl Wrap,CYS,Super Gloss,,,,
cys-gloss-metallic-impulse-purple-cgm-512,CGM-512,CYS Super Gloss Metallic Impulse Purple Vinyl Wrap,CYS,Super Gloss,,,,
cys-gloss-metallic-magical-violet-grey-flip-cgf-577,CGF-577,CYS Super Gloss Metallic Magical Violet Grey Flip Vinyl Wrap,CYS,Super Gloss,,,,
cys-gloss-metallic-peachy-lime-flip-cgf-50,CGF-50,CYS Super Gloss Metallic Peachy Lime Flip Vinyl Wrap,CYS,Super Gloss,,,,
cys-gloss-military-green-cg-788,CG-788,CYS Super Gloss Military Green Vinyl Wrap,CYS,Super Gloss,,,,
cys-gloss-pale-nardo-grey-cg-807,CG-807,CYS Super Gloss Pale Nardo Grey Vinyl Wrap,CYS,Super Gloss,,,,
cys-gloss-pearl-white-cgp-109,CGP-109,CYS Super Gloss Pearl White Vinyl Wrap,CYS,Super Gloss,,,,
cys-gloss-periwinkle-chrome-cgc-12,CGC-12,CYS Super Gloss Periwinkle Chrome Vinyl Wrap,CYS,Super Gloss,,,,
cys-gloss-tiffany-cream-cg-616,CG-616,CYS Super Gloss Tiffany Cream Vinyl Wrap,CYS,Super Gloss,,,,
cys-gloss-true-carbon-ccf-100,CCF-100,CYS Super Gloss True Carbon Vinyl Wrap,CYS,Super Gloss,,,,
cys-gloss-vintage-turquoise-cg-730,CG-730,CYS Super Gloss Vintage Turquoise Vinyl Wrap,CYS,Super Gloss,,,,
cys-gloss-crimson-black-flip-vinyl-wrap-cgf-460,CGF-460,CYS Super Gloss Wild Berry Vinyl Wrap,CYS,Super Gloss,,,,
flexishield-high-gloss-acidic-lime-cosmetic-paint-protection-film-wrap,CL-04,FlexiShield High Gloss Acidic Lime Cosmetic Paint Protection Film Wrap,FlexiShield,Gloss,,,,
flexishield-high-gloss-acidic-lime-cosmetic-paint-protection-film-wrap-cl-04-blowout-stock-275-sq-ft-6483299,CL-04,FlexiShield High Gloss Acidic Lime Cosmetic Paint Protection Film Wrap,FlexiShield,Gloss,,,,
flexishield-high-gloss-amethyst-cosmetic-paint-protection-film-wrap-cl-17,CL-17,FlexiShield High Gloss Amethyst Cosmetic Paint Protection Film Wrap,FlexiShield,Gloss,,,,
flexishield-high-gloss-amethyst-cosmetic-paint-protection-film-wrap-cl-17-blowout-stock-270-sq-ft-6666731,CL-17,FlexiShield High Gloss Amethyst Cosmetic Paint Protection Film Wrap,FlexiShield,Gloss,,,,
flexishield-high-gloss-amethyst-cosmetic-paint-protection-film-wrap-cl-17-blowout-stock-295-sq-ft-v7985063,CL-17,FlexiShield High Gloss Amethyst Cosmetic Paint Protection Film Wrap,FlexiShield,Gloss,,,,
flexishield-high-gloss-amphibian-cosmetic-paint-protection-hg-17-blowout-stock-295-sq-ft-6666698,HG-17,FlexiShield High Gloss Amphibian Cosmetic Paint Protection,FlexiShield,Gloss,,,,
flexishield-high-gloss-bordeaux-red-cosmetic-paint-protection-film-wrap-cl-11,CL-11,FlexiShield High Gloss Bordeaux Red Cosmetic Paint Protection Film Wrap,FlexiShield,Gloss,,,,
flexishield-high-gloss-bordeaux-red-cosmetic-paint-protection-film-wrap-cl-11-blowout-stock-290-sq-ft-v1200965,CL-11,FlexiShield High Gloss Bordeaux Red Cosmetic Paint Protection Film Wrap,FlexiShield,Gloss,,,,
flexishield-high-gloss-bordeaux-red-cosmetic-paint-protection-film-wrap-cl-11-blowout-stock-290sq-ft-7937937,CL-11,FlexiShield High Gloss Bordeaux Red Cosmetic Paint Protection Film Wrap,FlexiShield,Gloss,,,,
flexishield-high-gloss-brick-red-cosmetic-paint-protection-film-wrap,HG-02,FlexiShield High Gloss Brick Red Cosmetic Paint Protection Film Wrap,FlexiShield,Gloss,,,,
flexishield-high-gloss-dune-cosmetic-paint-protection-film-wrap-cl-12-blowout-stock-140-sq-ft-2222227,CL-12,FlexiShield High Gloss Dune Cosmetic Paint Protection Film Wrap,FlexiShield,Gloss,,,,
flexishield-high-gloss-egyptian-blue-cosmetic-paint-protection-film-wrap-cl-14-blowout-stock-265sq-ft-6666793,CL-14,FlexiShield High Gloss Egyptian Blue Cosmetic Paint Protection Film Wrap,FlexiShield,Gloss,,,,
flexishield-high-gloss-gold-flake-cosmetic-paint-protection-film-wrap,HG-11,FlexiShield High Gloss Gold Flake Cosmetic Paint Protection Film Wrap,FlexiShield,Gloss,,,,
flexishield-high-gloss-gold-flake-cosmetic-paint-protection-film-wrap-hg-11-blowout-stock-295-sq-ft-6661699,HG-11,FlexiShield High Gloss Gold Flake Cosmetic Paint Protection Film Wrap,FlexiShield,Gloss,,,,
flexishield-high-gloss-gold-flake-cosmetic-paint-protection-film-wrap-hg-11-blowout-stock-295-sq-ft-v3699118,HG-11,FlexiShield High Gloss Gold Flake Cosmetic Paint Protection Film Wrap,FlexiShield,Gloss,,,,
flexishield-high-gloss-highlighter-yellow-cosmetic-paint-protection-film-wrap,CL-03,FlexiShield High Gloss Highlighter Yellow Cosmetic Paint Protection Film Wrap,FlexiShield,Gloss,,,,
flexishield-high-gloss-highlighter-yellow-cosmetic-paint-protection-film-wrap-cl-03-blowout-stock-80-sq-ft-v8041937,CL-03,FlexiShield High Gloss Highlighter Yellow Cosmetic Paint Protection Film Wrap,FlexiShield,Gloss,,,,
flexishield-high-gloss-huntsman-green-cosmetic-paint-protection-film-wrap-cl-09-blowout-stock-40-sq-ft-9999997,CL-09,FlexiShield High Gloss Huntsman Green Cosmetic Paint Protection Film Wrap,FlexiShield,Gloss,,,,
flexishield-high-gloss-perfect-plum-cosmetic-paint-protection-film-wrap,HG-12,FlexiShield High Gloss Perfect Plum Cosmetic Paint Protection Film Wrap,FlexiShield,Gloss,,,,
flexishield-high-gloss-simple-silver-cosmetic-paint-protection-film-wrap-cl-07-blowout-stock-385-sq-ft-v5525389,CL-07,FlexiShield High Gloss Simple Silver Cosmetic Paint Protection Film Wrap,FlexiShield,Gloss,,,,
green-head-tail-light-lens-vinyl-film,,Green Head/Tail Light Lens Vinyl Film,Metro Restyling,,,,,
hexis-black-forged-carbon-fiber-vinyl-wrap-hx30caf89s,HX30CAF89S,Hexis Black Forged Carbon Fiber Vinyl Wrap,HEXIS,,,,,
hexis-blacklight-gloss-ppf-headlight-tailight-film,,Hexis Blacklight Gloss PPF Headlight/Tailight Film 50% VLT,HEXIS,Gloss,,,,
hexis-bodyfence-bfshield-windshield-protection-film,,Hexis BodyFence BFSHIELD Windshield Protection Film,HEXIS,,,,,
hexis-bodyfence-black-self-healing-paint-protection-film,,Hexis BodyFence Black Self Healing Paint Protection Film,HEXIS,,,,,
hexis-bodyfence-matte-black-self-healing-paint-protection-film,,Hexis BodyFence Matte Black Self Healing Paint Protection Film,HEXIS,Matte,,,,
hexis-bodyfence-matte-self-healing-paint-protection-film-30in-60in,,Hexis BodyFence MATTE Self Healing Paint Protection Film,HEXIS,Matte,,,,
hexis-bodyfencep-pu-8mil-x-technology-self-healing-paint-protection-film,,Hexis BodyFence PU 8mil X Technology Self Healing PPF,HEXIS,,,,,
hexis-bodyfence-wide-8mil-self-healing-paint-protection-film-1,,"Hexis BodyFence Wide 72"" 8mil Self Healing PPF",HEXIS,,,,,
hexis-bodyfence-with-x-technology-self-healing-paint-protection-film-30in-60in,,Hexis BodyFence with X Technology Self Healing Paint Protection Film,HEXIS,,,,,
hexis-bodyfence-with-x-technology-ultra-soft-pu-self-healing-paint-protection-film,,Hexis BodyFence with X Technology Ultra Soft PU Self Healing PPF,HEXIS,,,,,
hexis-bodyfence-x-matte-technology-self-healing-paint-protection-film,,Hexis BodyFence X Matte Self Healing PPF,HEXIS,Matte,,,,
hexis-bodyfence-x-satin-self-healing-paint-protection-film,,Hexis BodyFence X Satin Self Healing Paint Protection Film,HEXIS,Satin,,,,
hexis-brushed-aluminum-anthracite-grey-vinyl-wrap-hx30baganb,HX30BAGANB,Hexis Brushed Aluminum Anthracite Gray Vinyl Wrap,HEXIS,Brushed,,,,
hexis-brushed-aluminum-vinyl-wrap-hx30basilb,HX30BASILB,Hexis Brushed Aluminum Vinyl Wrap,HEXIS,Brushed,,,,
hexis-candyfence-carbon-fiber-paint-protection-film,,Hexis CandyFence Carbon Fiber Paint Protection Film,HEXIS,Candy,,,,
hexis-gloss-abyssal-blue-vinyl-wrap-hx20532b,HX20532B,Hexis Gloss Abyssal Blue Vinyl Wrap,HEXIS,Gloss,,,,
hexis-gloss-alpine-grey-vinyl-wrap-hxone802,HXONE802,Hexis Gloss Alpine Grey Vinyl Wrap,HEXIS,Gloss,,,,
hexis-gloss-apollo-blue-fine-glitter-vinyl-wrap-hx20p004b,HX20P004B,Hexis Gloss Apollo Blue Fine Glitter Vinyl Wrap,HEXIS,Glitter,,,,
hexis-gloss-apple-green-vinyl-wrap-hx20369b,HX20369B,Hexis Gloss Apple Green Vinyl Wrap,HEXIS,Gloss,,,,
hexis-gloss-arabica-copper-chrome-vinyl-wrap-hx30sch15b,HX30SCH15B,Hexis Gloss Arabica Copper Chrome Vinyl Wrap,HEXIS,Chrome,,,,
hexis-gloss-arctic-white-alligator-vinyl-wrap-hx30al003b,HX30AL003B,Hexis Gloss Arctic White Alligator Vinyl Wrap,HEXIS,Gloss,,,,
hexis-gloss-ashen-beige-metallic-vinyl-wrap-hx20bcmb,HX20BCMB,Hexis Gloss Ashen Beige Metallic Vinyl Wrap,HEXIS,Metallic,,,,
hexis-gloss-aston-grey-vinyl-wrap-hx20g07b,HX20G07B,Hexis Gloss Aston Gray Vinyl Wrap,HEXIS,Gloss,,,,
hexis-gloss-aurora-orange-glitter-vinyl-wrap-hx20oaub,HX20OAUB,Hexis Gloss Aurora Orange Glitter Vinyl Wrap,HEXIS,Glitter,,,,
hexis-gloss-austral-sea-iridescent-vinyl-wrap-hx30imab,HX30IMAB,Hexis Gloss Austral Sea Iridescent Vinyl Wrap,HEXIS,Gloss,,,,
hexis-gloss-black-carbon-fiber-vinyl-wrap-hx30ca890b,HX30CA890B,Hexis Gloss Black Carbon Fiber Vinyl Wrap,HEXIS,Gloss,,,,
hexis-gloss-black-carbon-one-vinyl-wrap-hx30caoneb,HX30CAONEB,Hexis Gloss Black Carbon One Vinyl Wrap,HEXIS,Gloss,,,,
hexis-gloss-black-fine-grain-leather-vinyl-wrap-hx30pg889b,HX30PG889B,Hexis Gloss Black Fine Grain Leather Vinyl Wrap,HEXIS,Gloss,,,,
hexis-gloss-black-rainbow-vinyl-wrap-hx30rw889b,HX30RW889B,Hexis Gloss Black Rainbow Vinyl Wrap,HEXIS,Gloss,,,,
hexis-gloss-black-sparkle-fine-glitter-vinyl-wrap-hx20nepb,HX20NEPB,Hexis Gloss Black Sparkle Fine Glitter Vinyl Wrap,HEXIS,Glitter,,,,
hexis-gloss-blood-red-vinyl-wrap-hx20200b,HX20200B,Hexis Gloss Blood Red Vinyl Wrap,HEXIS,Gloss,,,,
hexis-gloss-blue-lilac-vinyl-wrap-hx20b51b,HX20B51B,Hexis Gloss Blue Lilac Vinyl Wrap,HEXIS,Gloss,,,,
hexis-gloss-blue-super-chrome-vinyl-wrap-hx30sch05b,HX30SCH05B,Hexis Gloss Blue Super Chrome Vinyl Wrap,HEXIS,Chrome,,,,
hexis-gloss-boreal-forest-iridescent-vinyl-wrap-hx30ifbb,,Hexis Gloss Boreal Forest Iridescent HX30IFBB,HEXIS,Gloss,,,,
hexis-gloss-boston-green-vinyl-wrap-hx30vbob,HX30VBOB,Hexis Gloss Boston Green Vinyl Wrap,HEXIS,Gloss,,,,
hexis-gloss-bronze-grey-metallic-vinyl-wrap-hx20948b,HX20948B,Hexis Gloss Bronze Gray Metallic Vinyl Wrap,HEXIS,Metallic,,,,
hexis-gloss-brown-vinyl-wrap-hx20476b,HX20476B,Hexis Gloss Brown Vinyl Wrap,HEXIS,Gloss,,,,
hexis-gloss-byzantine-violet-glitter-vinyl-wrap-hx20vbyb,HX20VBYB,Hexis Gloss Byzantine Violet Glitter Vinyl Wrap,HEXIS,Glitter,,,,
hexis-gloss-candy-pink-vinyl-wrap-hx20pcab,HX20PCAB,Hexis Gloss Candy Pink Vinyl Wrap,HEXIS,Candy,,,,
hexis-gloss-canyon-bronze-metal-vinyl-wrap-hx20661b,HX20661B,Hexis Gloss Canyon Bronze Metal Vinyl Wrap,HEXIS,Gloss,,,,
hexis-gloss-catechu-black-glitter-vinyl-wrap-hx20ncab,HX20NCAB,Hexis Gloss Catechu Black Glitter Vinyl Wrap,HEXIS,Glitter,,,,
hexis-gloss-century-green-vinyl-wrap-hx20v19b,HX20V19B,Hexis Gloss Century Green Vinyl Wrap,HEXIS,Gloss,,,,
hexis-gloss-chameleon-grey-vinyl-wrap-hx30g446b,HX30G446B,Hexis Gloss Chameleon Gray Vinyl Wrap,HEXIS,Gloss,,,,
hexis-gloss-chestnut-fine-grain-leather-vinyl-wrap-hx30pgmbrb,HX30PGMBRB,Hexis Gloss Chestnut Fine Grain Leather Vinyl Wrap,HEXIS,Gloss,,,,
hexis-gloss-cinder-rose-metallic-vinyl-wrap-hx20437b,HX20437B,Hexis Gloss Cinder Rose Metallic Vinyl Wrap,HEXIS,Metallic,,,,
hexis-gloss-cloud-grey-vinyl-wrap-hx20428b,HX20428B,Hexis Gloss Cloud Gray Vinyl Wrap,HEXIS,Gloss,,,,
hexis-gloss-coal-black-vinyl-wrap-hx20889b,HX20889B,Hexis Gloss Coal Black Vinyl Wrap,HEXIS,Gloss,,,,
hexis-gloss-coffee-brown-vinyl-wrap-hx20mcab,HX20MCAB,Hexis Gloss Coffee Brown Vinyl Wrap,HEXIS,Gloss,,,,
hexis-gloss-curacao-blue-vinyl-wrap-hx20293b,HX20293B,Hexis Gloss Curacao Blue Vinyl Wrap,HEXIS,Gloss,,,,
hexis-gloss-daffodil-yellow-vinyl-wrap-hx20123b,HX20123B,Hexis Gloss Daffodil Yellow Vinyl Wrap,HEXIS,Gloss,,,,
hexis-gloss-damask-violet-vinyl-wrap-hx20v18b,HX20V18B,Hexis Gloss Damask Violet Vinyl Wrap,HEXIS,Gloss,,,,
hexis-gloss-dark-gray-vinyl-wrap-hx20432b-special-order,HX20432B,Hexis Gloss Dark Grey Vinyl Wrap,HEXIS,Gloss,,,,
hexis-gloss-daytona-blue-vinyl-wrap-hxone600,HXONE600,Hexis Gloss Daytona Blue Vinyl Wrap,HEXIS,Gloss,,,,
hexis-gloss-deep-black-vinyl-wrap-hx20890b,HX20890B,Hexis Gloss Deep Black Vinyl Wrap,HEXIS,Gloss,,,,
hexis-gloss-deep-black-vinyl-wrap-hxone901,HXONE901,Hexis Gloss Deep Black Vinyl Wrap,HEXIS,Gloss,,,,
hexis-gloss-desert-beige-vinyl-wrap-hxone202,HXONE202,Hexis Gloss Desert Beige Vinyl Wrap,HEXIS,Gloss,,,,
hexis-gloss-drosera-green-vinyl-wrap-hx20v16b,HX20V16B,Hexis Gloss Drosera Green Vinyl Wrap,HEXIS,Gloss,,,,
hexis-gloss-dust-grey-vinyl-wrap-hx20g06b,HX20G06B,Hexis Gloss Dust Gray Vinyl Wrap,HEXIS,Gloss,,,,
hexis-gloss-ebonite-black-chrome-vinyl-wrap-hx30sch13b,HX30SCH13B,Hexis Gloss Ebonite Black Chrome Vinyl Wrap,HEXIS,Chrome,,,,
hexis-gloss-elderberry-purple-vinyl-wrap-hx20352b,HX20352B,Hexis Gloss Elderberry Purple Vinyl Wrap,HEXIS,Gloss,,,,
hexis-gloss-elephant-grey-vinyl-wrap-hx20446b,HX20446B,Hexis Gloss Elephant Gray Vinyl Wrap,HEXIS,Gloss,,,,
hexis-gloss-emerald-green-vinyl-wrap-hx20348b,HX20348B,Hexis Gloss Emerald Green Vinyl Wrap,HEXIS,Gloss,,,,
hexis-gloss-ephese-blue-vinyl-wrap-hx20b36b,HX20B36B,Hexis Gloss Ephese Blue Vinyl Wrap,HEXIS,Gloss,,,,
hexis-gloss-fairway-green-metallic-vinyl-wrap-hx20vfab,HX20VFAB,Hexis Gloss Fairway Green Metallic Vinyl Wrap,HEXIS,Metallic,,,,
hexis-gloss-firmament-blue-vinyl-wrap-hx20033b,HX20033B,Hexis Gloss Firmament Blue Vinyl Wrap,HEXIS,Gloss,,,,
hexis-gloss-fjord-blue-glitter-vinyl-wrap-hx20bfjb,HX20BFJB,Hexis Gloss Fjord Blue Glitter Vinyl Wrap,HEXIS,Glitter,,,,
hexis-gloss-fluorescent-green-vinyl-wrap-hx20612b,HX20612B,Hexis Gloss Fluorescent Green Vinyl Wrap,HEXIS,Gloss,,,,
hexis-gloss-fluorescent-orange-vinyl-wrap-hx20614b,HX20614B,Hexis Gloss Fluorescent Orange Vinyl Wrap,HEXIS,Gloss,,,,
hexis-gloss-fluorescent-red-vinyl-wrap-hx20615b,HX20615B,Hexis Gloss Fluorescent Red Vinyl Wrap,HEXIS,Gloss,,,,
hexis-gloss-fluorescent-yellow-vinyl-wrap-hx20613b,HX20613B,Hexis Gloss Fluorescent Yellow Vinyl Wrap,HEXIS,Gloss,,,,
hexis-gloss-fuchsia-vinyl-wrap-hx20220b,HX20220B,Hexis Gloss Fuchsia Vinyl Wrap,HEXIS,Gloss,,,,
hexis-gloss-garnet-red-glitter-vinyl-wrap-hx20rgrb,HX20RGRB,Hexis Gloss Garnet Red Glitter Vinyl Wrap,HEXIS,Glitter,,,,
hexis-gloss-glacier-white-vinyl-wrap-hx20003b,HX20003B,Hexis Gloss Glacier White Vinyl Wrap,HEXIS,Gloss,,,,
hexis-gloss-goddess-purple-vinyl-wrap-hx20v44b,HX20V44B,Hexis Gloss Goddess Purple Vinyl Wrap,HEXIS,Gloss,,,,
hexis-gloss-gold-metallic-vinyl-wrap-hx20871b,HX20871B,Hexis Gloss Gold Metallic Vinyl Wrap,HEXIS,Metallic,,,,
hexis-gloss-gold-super-chrome-vinyl-wrap-hx30sch07b,HX30SCH07B,Hexis Gloss Gold Super Chrome Vinyl Wrap,HEXIS,Chrome,,,,
hexis-gloss-grand-prix-blue-vinyl-wrap-hx20525b,HX20525B,Hexis Gloss Grand Prix Blue Vinyl Wrap,HEXIS,Gloss,,,,
hexis-gloss-graphite-grey-carbon-fiber-vinyl-wrap-hx30caggrb,HX30CAGGRB,Hexis Gloss Graphite Gray Carbon Fiber Vinyl Wrap,HEXIS,Gloss,,,,
hexis-gloss-grey-rainbow-vinyl-wrap-hx30rw990b,HX30RW990B,Hexis Gloss Gray Rainbow Vinyl Wrap,HEXIS,Gloss,,,,
hexis-gloss-gray-rainbow-vinyl-wrap-hx30rw990b-blowout-stock-180-sq-ft-v587918,HX30RW990B,Hexis Gloss Gray Rainbow Vinyl Wrap,HEXIS,Gloss,,,,
hexis-gloss-green-super-chrome-vinyl-wrap-hx30sch04b,HX30SCH04B,Hexis Gloss Green Super Chrome Vinyl Wrap,HEXIS,Chrome,,,,
hexis-gloss-havana-brown-vinyl-wrap-hx20731b,HX20731B,Hexis Gloss Havana Brown Vinyl Wrap,HEXIS,Gloss,,,,
hexis-gloss-honey-yellow-vinyl-wrap-hx20jmib,HX20JMIB,Hexis Gloss Honey Yellow Vinyl Wrap,HEXIS,Gloss,,,,
hexis-gloss-ice-white-vinyl-wrap-hx20500b,HX20500B,Hexis Gloss Ice White Vinyl Wrap,HEXIS,Gloss,,,,
hexis-gloss-indian-pink-glitter-vinyl-wrap-hx20rinb,HX20RINB,Hexis Gloss Indian Pink Glitter Vinyl Wrap,HEXIS,Glitter,,,,
hexis-gloss-ivory-vinyl-wrap-hx20468b,HX20468B,Hexis Gloss Ivory Vinyl Wrap,HEXIS,Gloss,,,,
hexis-gloss-jazz-blue-vinyl-wrap-hx20b32b,HX20B32B,Hexis Gloss Jazz Blue Vinyl Wrap,HEXIS,Gloss,,,,
hexis-gloss-jellybean-pink-glitter-vinyl-wrap-hx20rdrb,HX20RDRB,Hexis Gloss Jellybean Pink Glitter Vinyl Wrap,HEXIS,Glitter,,,,
hexis-gloss-lady-pink-vinyl-wrap-hx20r11b,HX20R11B,Hexis Gloss Lady Pink Vinyl Wrap,HEXIS,Gloss,,,,
hexis-gloss-lapland-white-vinyl-wrap-hx20002b,HX20002B,Hexis Gloss Lapland White Vinyl Wrap,HEXIS,Gloss,,,,
hexis-gloss-lemon-yellow-vinyl-wrap-hx20108b,HX20108B,Hexis Gloss Lemon Yellow Vinyl Wrap,HEXIS,Gloss,,,,
hexis-gloss-light-blue-super-chrome-vinyl-wrap-hx30sch11b,HX30SCH11B,Hexis Gloss Light Blue Super Chrome Vinyl Wrap,HEXIS,Chrome,,,,
hexis-gloss-light-green-vinyl-wrap-hx20375b,HX20375B,Hexis Gloss Light Green Vinyl Wrap,HEXIS,Gloss,,,,
hexis-gloss-light-red-vinyl-wrap-hx20r21b,HX20R21B,Hexis Gloss Light Red Vinyl Wrap,HEXIS,Gloss,,,,
hexis-gloss-lime-green-chrome-vinyl-wrap-hx30sch14b,HX30SCH14B,Hexis Gloss Lime Green Chrome Vinyl Wrap,HEXIS,Chrome,,,,
hexis-gloss-mandarin-red-vinyl-wrap-hx20165b,HX20165B,Hexis Gloss Mandarin Red Vinyl Wrap,HEXIS,Gloss,,,,
hexis-gloss-marrakech-brown-metallic-vinyl-wrap-hx20mmab,HX20MMAB,Hexis Gloss Marrakech Brown Metallic Vinyl Wrap,HEXIS,Metallic,,,,
hexis-gloss-meteorite-grey-metallic-vinyl-wrap-hx20990b,HX20990B,Hexis Gloss Meteorite Gray Metallic Vinyl Wrap,HEXIS,Metallic,,,,
hexis-gloss-montpellier-blue-vinyl-wrap-hx20299b,HX20299B,Hexis Gloss Montpellier Blue Vinyl Wrap,HEXIS,Gloss,,,,
hexis-gloss-mountain-peak-white-vinyl-wrap-hx20012b,HX20012B,Hexis Gloss Mountain Peak White Vinyl Wrap,HEXIS,Gloss,,,,
hexis-gloss-mystery-black-vinyl-wrap-hx20nmyb,HX20NMYB,Hexis Gloss Mystery Black Vinyl Wrap,HEXIS,Gloss,,,,
hexis-gloss-nacre-white-variochrome-vinyl-wrap-hx30bncb,HX30BNCB,Hexis Gloss Nacre White Variochrome Vinyl Wrap,HEXIS,Chrome,,,,
hexis-gloss-neon-blue-vinyl-wrap-hx30bneb,HX30BNEB,Hexis Gloss Neon Blue Vinyl Wrap,HEXIS,Gloss,,,,
hexis-gloss-niagara-blue-vinyl-wrap-hx20284b,HX20284B,Hexis Gloss Niagara Blue Vinyl Wrap,HEXIS,Gloss,,,,
hexis-gloss-night-blue-metallic-vinyl-wrap-hx20905b,HX20905B,Hexis Gloss Night Blue Metallic Vinyl Wrap,HEXIS,Metallic,,,,
hexis-gloss-night-blue-vinyl-wrap-hx20281b,HX20281B,Hexis Gloss Night Blue Vinyl Wrap,HEXIS,Gloss,,,,
hexis-gloss-olive-green-vinyl-wrap-hx20volb,HX20VOLB,Hexis Gloss Olive Green Vinyl Wrap,HEXIS,Gloss,,,,
hexis-gloss-orange-super-chrome-vinyl-wrap-hx30sch08b,HX30SCH08B,Hexis Gloss Orange Super Chrome Vinyl Wrap,HEXIS,Chrome,,,,
hexis-gloss-pacific-blue-vinyl-wrap-hx20280b,HX20280B,Hexis Gloss Pacific Blue Vinyl Wrap,HEXIS,Gloss,,,,
hexis-gloss-pearl-grey-vinyl-wrap-hx20445b,HX20445B,Hexis Gloss Pearl Gray Vinyl Wrap,HEXIS,Gloss,,,,
hexis-gloss-pearl-white-carbon-fiber-vinyl-wrap-hx30cabpeb,HX30CABPEB,Hexis Gloss Pearl White Carbon Fiber Vinyl Wrap,HEXIS,Gloss,,,,
hexis-gloss-pearl-white-variochrome-vinyl-wrap-hx30bpeb,HX30BPEB,Hexis Gloss Pearl White Variochrome Vinyl Wrap,HEXIS,Chrome,,,,
hexis-gloss-pheonix-ocher-vinyl-wrap-hxone301,HXONE301,Hexis Gloss Pheonix Ocher Vinyl Wrap,HEXIS,Gloss,,,,
hexis-gloss-pigeon-blue-vinyl-wrap-hx20315b,HX20315B,Hexis Gloss Pigeon Blue Vinyl Wrap,HEXIS,Gloss,,,,
hexis-gloss-pink-super-chrome-vinyl-wrap-hx30sch10b,HX30SCH10B,Hexis Gloss Pink Super Chrome Vinyl Wrap,HEXIS,Chrome,,,,
hexis-gloss-pinkstar-vinyl-wrap-hx20r22b,HX20R22B,Hexis Gloss Pinkstar Vinyl Wrap,HEXIS,Gloss,,,,
hexis-gloss-pitch-black-alligator-vinyl-wrap-hx30al890b,HX30AL890B,Hexis Gloss Pitch Black Alligator Vinyl Wrap,HEXIS,Gloss,,,,
hexis-gloss-pleiades-grey-vinyl-wrap-hx20532b,HX20G12B,Hexis Gloss Pleaides Grey Vinyl Wrap,HEXIS,Gloss,,,,
hexis-gloss-plum-violet-vinyl-wrap-hx20008b,HX20008B,Hexis Gloss Plum Violet Vinyl Wrap,HEXIS,Gloss,,,,
hexis-gloss-polar-white-vinyl-wrap-hx20001b-special-order,HX20001B,Hexis Gloss Polar White Vinyl Wrap,HEXIS,Gloss,,,,
hexis-gloss-polaris-blue-vinyl-wrap-hx20b37b,HX20B37B,Hexis Gloss Polaris Blue Vinyl Wrap,HEXIS,Gloss,,,,
hexis-gloss-purple-metallic-vinyl-wrap-hx20528b,HX20528B,Hexis Gloss Purple Metallic Vinyl Wrap,HEXIS,Metallic,,,,
hexis-gloss-purple-super-chrome-vinyl-wrap-hx30sch06b,HX30SCH06B,Hexis Gloss Purple Super Chrome Vinyl Wrap,HEXIS,Chrome,,,,
hexis-gloss-racing-red-vinyl-wrap-hx20r05b,HX20R05B,Hexis Gloss Racing Red Vinyl Wrap,HEXIS,Gloss,,,,
hexis-gloss-red-embers-vinyl-wrap-hx20485b,HX20485B,Hexis Gloss Red Embers Vinyl Wrap,HEXIS,Gloss,,,,
hexis-gloss-red-super-chrome-vinyl-wrap-hx30sch02b,HX30SCH02B,Hexis Gloss Red Super Chrome Vinyl Wrap,HEXIS,Chrome,,,,
hexis-gloss-redcurrent-red-vinyl-wrap-hx30rgob,HX30RGOB,Hexis Gloss Redcurrent Red Vinyl Wrap,HEXIS,Gloss,,,,
hexis-gloss-rose-gold-super-chrome-vinyl-wrap-hx30sch12b,HX30SCH12B,Hexis Gloss Rose Gold Super Chrome Vinyl Wrap,HEXIS,Chrome,,,,
hexis-gloss-ruby-red-vinyl-wrap-hx20186b,HX20186B,Hexis Gloss Ruby Red Vinyl Wrap,HEXIS,Gloss,,,,
hexis-gloss-sapphire-blue-vinyl-wrap-hx20300b,HX20300B,Hexis Gloss Sapphire Blue Vinyl Wrap,HEXIS,Gloss,,,,
hexis-gloss-saturn-white-glitter-vinyl-wrap-hx20bsab,HX20BSAB,Hexis Gloss Saturn White Glitter Vinyl Wrap,HEXIS,Glitter,,,,
hexis-gloss-scottish-green-vinyl-wrap-hx20vecb,HX20VECB,Hexis Gloss Scottish Green Vinyl Wrap,HEXIS,Gloss,,,,
hexis-gloss-shark-grey-vinyl-wrap-hx20423b,HX20423B,Hexis Gloss Shark Gray Vinyl Wrap,HEXIS,Gloss,,,,
hexis-gloss-sherwood-green-vinyl-wrap-hx20v14b,HX20V14B,Hexis Gloss Sherwood Green Vinyl Wrap,HEXIS,Gloss,,,,
hexis-gloss-silver-super-chrome-vinyl-wrap-hx30sch01b,HX30SCH01B,Hexis Gloss Silver Super Chrome Vinyl Wrap,HEXIS,Chrome,,,,
hexis-gloss-silver-vinyl-wrap-hx20877b,HX20877B,Hexis Gloss Silver Vinyl Wrap,HEXIS,Gloss,,,,
hexis-gloss-south-sea-blue-vinyl-wrap-hx20b11b,HX20B11B,Hexis Gloss South Sea Blue Vinyl Wrap,HEXIS,Gloss,,,,
hexis-gloss-sun-yellow-vinyl-wrap-hx20109b,HX20109B,Hexis Gloss Sun Yellow Vinyl Wrap,HEXIS,Gloss,,,,
hexis-gloss-supreme-white-gloss-vinyl-wrap-hxone100,HXONE100,Hexis Gloss Supreme White Gloss Vinyl Wrap,HEXIS,Gloss,,,,
hexis-gloss-taupe-grey-fine-grain-leather-vinyl-wrap-hx30pggtab,HX30PGGTAB,Hexis Gloss Taupe Gray Fine Grain Leather Vinyl Wrap,HEXIS,Gloss,,,,
hexis-gloss-taxi-beige-vinyl-wrap-hx20btxb,HX20BTXB,Hexis Gloss Taxi Beige Vinyl Wrap,HEXIS,Gloss,,,,
hexis-gloss-tiffany-blue-vinyl-wrap-hx20btib,HX20BTIB,Hexis Gloss Tiffany Blue Vinyl Wrap,HEXIS,Gloss,,,,
hexis-gloss-titanium-super-chrome-vinyl-wrap-hx30sch03b,HX30SCH03B,Hexis Gloss Titanium Super Chrome Vinyl Wrap,HEXIS,Chrome,,,,
hexis-gloss-toxic-green-vinyl-wrap-hx20v24b,HX20V24B,Hexis Gloss Toxic Green Vinyl Wrap,HEXIS,Gloss,,,,
hexis-gloss-triton-blue-fine-glitter-vinyl-wrap-hx20p005b,HX20P005B,Hexis Gloss Triton Blue Fine Glitter Vinyl Wrap,HEXIS,Glitter,,,,
hexis-gloss-turquoise-super-chrome-vinyl-wrap-hx30sch09b,HX30SCH09B,Hexis Gloss Turquoise Super Chrome Vinyl Wrap,HEXIS,Chrome,,,,
hexis-gloss-urban-orange-vinyl-wrap-hx20495b,HX20495B,Hexis Gloss Urban Orange Vinyl Wrap,HEXIS,Gloss,,,,
hexis-gloss-vampire-black-vinyl-wrap-hx20n03b,HX20N03B,Hexis Gloss Vampire Black Vinyl Wrap,HEXIS,Gloss,,,,
hexis-gloss-vintage-green-vinyl-wrap-hxone700,HXONE700,Hexis Gloss Vintage Green Vinyl Wrap,HEXIS,Gloss,,,,
hexis-gloss-wasabi-green-vinyl-wrap-hx20228b,HX20228B,Hexis Gloss Wasabi Green Vinyl Wrap,HEXIS,Gloss,,,,
hexis-gloss-white-rainbow-vinyl-wrap-hx30rw002b,HX30RW002B,Hexis Gloss White Rainbow Vinyl Wrap,HEXIS,Gloss,,,,
hexis-gloss-white-sparkle-metallic-vinyl-wrap-hx20blpb,HX20BLPB,Hexis Gloss White Sparkle Metallic Vinyl Wrap,HEXIS,Metallic,,,,
hexis-gloss-yas-marina-blue-metallic-vinyl-wrap-hx20646b,HX20646B,Hexis Gloss Yas Marina Blue Metallic Vinyl Wrap,HEXIS,Metallic,,,,
hexis-gloss-yellow-metallic-vinyl-wrap-hx20558b,HX20558B,Hexis Gloss Yellow Metallic Vinyl Wrap,HEXIS,Metallic,,,,
hexis-gloss-zenith-orange-vinyl-wrap-hx20585b,HX20585B,Hexis Gloss Zenith Orange Vinyl Wrap,HEXIS,Gloss,,,,
hexis-gloss-zeus-gold-fine-glitter-vinyl-wrap-hx20p001b,HX20P001B,Hexis Gloss Zeus Gold Fine Glitter Vinyl Wrap,HEXIS,Glitter,,,,
hexis-glow-sign-vinyl-film,,Hexis Glow in The Dark Sign Vinyl Film,HEXIS,,,,,
hexis-hexlight-gloss-smoke-head-tail-light-film,,Hexis HexLight Gloss Smoke Head/Tail Light Film,HEXIS,Gloss,,,,
hexis-matte-adventure-green-vinyl-wrap-hx20vavm,HX20VAVM,Hexis Matte Adventure Green Vinyl Wrap,HEXIS,Matte,,,,
hexis-matte-anthracite-grey-metallic-vinyl-wrap-hx20ganm,HX20GANM,Hexis Matte Anthracite Gray Metallic Vinyl Wrap,HEXIS,Metallic,,,,
hexis-matte-black-sparkle-fine-glitter-vinyl-wrap-hx20nepm,HX20NEPM,Hexis Matte Black Sparkle Fine Glitter Vinyl Wrap,HEXIS,Glitter,,,,
hexis-matte-blood-red-vinyl-wrap-hx20200m,HX20200M,Hexis Matte Blood Red Vinyl Wrap,HEXIS,Matte,,,,
hexis-matte-boston-green-vinyl-wrap-hx30vbom,HX30VBOM,Hexis Matte Boston Green Vinyl Wrap,HEXIS,Matte,,,,
hexis-matte-cinder-rose-metallic-vinyl-wrap-hx20437m,HX20437M,Hexis Matte Cinder Rose Metallic Vinyl Wrap,HEXIS,Metallic,,,,
hexis-matte-deep-black-vinyl-wrap-hx20nprm,HX20NPRM,Hexis Matte Deep Black Vinyl Wrap,HEXIS,Matte,,,,
hexis-matte-florida-yellow-vinyl-wrap-hx20548m,HX20548M,Hexis Matte Florida Yellow Vinyl Wrap,HEXIS,Matte,,,,
hexis-matte-frozen-grey-metallic-vinyl-wrap-hx20ggim,HX20GGIM,Hexis Matte Frozen Gray Metallic Vinyl Wrap,HEXIS,Metallic,,,,
hexis-matte-fuchsia-vinyl-wrap-hx20220m,HX20220M,Hexis Matte Fuchsia Vinyl Wrap,HEXIS,Matte,,,,
hexis-matte-glacier-white-vinyl-wrap-hx20003m,HX20003M,Hexis Matte Glacier White Vinyl Wrap,HEXIS,Matte,,,,
hexis-matte-golden-black-vinyl-wrap-hx30n71m,HX30N71M,Hexis Matte Golden Black Vinyl Wrap,HEXIS,Matte,,,,
hexis-matte-jaipur-yellow-vinyl-wrap-hx20jjam,HX20JJAM,Hexis Matte Jaipur Yellow Vinyl Wrap,HEXIS,Matte,,,,
hexis-matte-lapland-white-vinyl-wrap-hx20002m,HX20002M,Hexis Matte Lapland White Vinyl Wrap,HEXIS,Matte,,,,
hexis-matte-lemon-yellow-vinyl-wrap-hx20108m,HX20108M,Hexis Matte Lemon Yellow Vinyl Wrap,HEXIS,Matte,,,,
hexis-matte-light-green-vinyl-wrap-hx20375m,HX20375M,Hexis Matte Light Green Vinyl Wrap,HEXIS,Matte,,,,
hexis-matte-mandarin-red-vinyl-wrap-hx20165m,HX20165M,Hexis Matte Mandarin Red Vinyl Wrap,HEXIS,Matte,,,,
hexis-matte-marrakech-brown-metallic-vinyl-wrap-hx20mmam,HX20MMAM,Hexis Matte Marrakech Brown Metallic Vinyl Wrap,HEXIS,Metallic,,,,
hexis-matte-meteorite-grey-metallic-vinyl-wrap-hx20990m,HX20990M,Hexis Matte Meteorite Gray Metallic Vinyl Wrap,HEXIS,Metallic,,,,
hexis-matte-military-green-vinyl-wrap-hx20vmim,HX20VMIM,Hexis Matte Military Green Vinyl Wrap,HEXIS,Matte,,,,
hexis-matte-night-blue-metallic-vinyl-wrap-hx20905m,HX20905M,Hexis Matte Night Blue Metallic Vinyl Wrap,HEXIS,Metallic,,,,
hexis-matte-raven-black-carbon-fiber-vinyl-wrap-hx30cancob,HX30CANCOB,Hexis Matte Raven Black Carbon Fiber Vinyl Wrap,HEXIS,Matte,,,,
hexis-matte-redcurrent-red-vinyl-wrap-hx30rgom,HX30RGOM,Hexis Matte Redcurrent Red Vinyl Wrap,HEXIS,Matte,,,,
hexis-matte-redcurrent-red-vinyl-wrap-hx30rgom-blowout-stock-150-sq-ft-v575002,HX30RGOM,Hexis Matte Redcurrent Red Vinyl Wrap,HEXIS,Matte,,,,
hexis-matte-turquoise-blue-vinyl-wrap-hx20btum,HX20BTUM,Hexis Matte Turquoise Blue Vinyl Wrap,HEXIS,Matte,,,,
hexis-matte-wasabi-green-vinyl-wrap-hx20228m,HX20228M,Hexis Matte Wasabi Green Vinyl Wrap,HEXIS,Matte,,,,
pro4shield-windshield-film,,Hexis PRO4SHIELD Windshield Film,HEXIS,,,,,
hexis-satin-acid-green-vinyl-wrap-hx20266s,HX20266S,Hexis Satin Acid Green Vinyl Wrap,HEXIS,Satin,,,,
hexis-satin-alloy-grey-wet-vinyl-wrap-hx20g15w,HX20G15W,Hexis Satin Alloy Grey Wet Vinyl Wrap,HEXIS,Satin,,,,
hexis-satin-ara-blue-metallic-vinyl-wrap-hx20219s,HX20219S,Hexis Satin Ara Blue Metallic Vinyl Wrap,HEXIS,Metallic,,,,
hexis-satin-arabica-copper-chrome-vinyl-wrap-hx30sch15s,HX30SCH15S,Hexis Satin Arabica Copper Chrome Vinyl Wrap,HEXIS,Chrome,,,,
hexis-satin-argentic-grey-vinyl-wrap-hx20g04s,HX20G04S,Hexis Satin Argentic Gray Vinyl Wrap,HEXIS,Satin,,,,
hexis-satin-black-honey-comb-vinyl-wrap-hx30hc889s,HX30HC889S,Hexis Satin Black Honeycomb Vinyl Wrap,HEXIS,Satin,,,,
hexis-satin-blue-super-chrome-vinyl-wrap-hx30sch05s,HX30SCH05S,Hexis Satin Blue Super Chrome Vinyl Wrap,HEXIS,Chrome,,,,
hexis-satin-canopy-green-vinyl-wrap-hx30sch18s,HX30SCH18S,Hexis Satin Canopy Green Super Chrome Vinyl Wrap,HEXIS,Chrome,,,,
hexis-satin-canyon-bronze-metallic-vinyl-wrap-hx20661s,HX20661S,Hexis Satin Canyon Bronze Metallic Vinyl Wrap,HEXIS,Metallic,,,,
hexis-satin-celestial-blue-metallic-vinyl-wrap-hx20236s,HX20236S,Hexis Satin Celestial Blue Metallic Vinyl Wrap,HEXIS,Metallic,,,,
hexis-satin-deep-black-vinyl-wrap-hx20nprs,HX20NPRS,Hexis Satin Deep Black Vinyl Wrap,HEXIS,Satin,,,,
hexis-satin-deep-black-wet-vinyl-wrap-hx20890w,HX20890W,Hexis Satin Deep Black Wet Vinyl Wrap,HEXIS,Satin,,,,
hexis-satin-deep-ocean-wet-vinyl-wrap-hx20b52w,HX20B52W,Hexis Satin Deep Ocean Wet Vinyl Wrap,HEXIS,Satin,,,,
hexis-satin-deep-purple-wet-vinyl-wrap-hx20v43w,HX20V43W,Hexis Satin Deep Purple Wet Vinyl Wrap,HEXIS,Satin,,,,
hexis-satin-fluorescent-red-vinyl-wrap-hx20615s,HX20615S,Hexis Satin Fluorescent Red Vinyl Wrap,HEXIS,Satin,,,,
hexis-satin-gold-super-chrome-vinyl-wrap-hx30sch07s,HX30SCH07S,Hexis Satin Gold Super Chrome Vinyl Wrap,HEXIS,Chrome,,,,
hexis-satin-green-super-chrome-vinyl-wrap-hx30sch04s,HX30SCH04S,Hexis Satin Green Super Chrome Vinyl Wrap,HEXIS,Chrome,,,,
hexis-satin-hercules-green-vinyl-wrap-hx20v28s,HX20V28S,Hexis Satin Hercules Green Vinyl Wrap,HEXIS,Satin,,,,
hexis-satin-lady-pink-hx20r11s,HX20R11S,Hexis Satin Lady Pink Vinyl Wrap,HEXIS,Satin,,,,
hexis-satin-light-blue-super-chrome-vinyl-wrap-hx30sch11s,HX30SCH11S,Hexis Satin Light Blue Super Chrome Vinyl Wrap,HEXIS,Chrome,,,,
hexis-satin-lime-green-chrome-vinyl-wrap-hx30sch14s,HX30SCH14S,Hexis Satin Lime Green Chrome Vinyl Wrap,HEXIS,Chrome,,,,
hexis-satin-nacre-white-vinyl-wrap-hx20bncs,HX20BNCS,Hexis Satin Nacre White Vinyl Wrap,HEXIS,Satin,,,,
hexis-satin-naiade-green-vinyl-wrap-hx20vnas,HX20VNAS,Hexis Satin Naiad Green Vinyl Wrap,HEXIS,Satin,,,,
hexis-satin-orange-super-chrome-vinyl-wrap-hx30sch08s,HX30SCH08S,Hexis Satin Orange Super Chrome Vinyl Wrap,HEXIS,Chrome,,,,
hexis-satin-pink-super-chrome-vinyl-wrap-hx30sch10s,HX30SCH10S,Hexis Satin Pink Super Chrome Vinyl Wrap,HEXIS,Chrome,,,,
hexis-satin-purple-super-chrome-vinyl-wrap-hx30sch06s,HX30SCH06S,Hexis Satin Purple Super Chrome Vinyl Wrap,HEXIS,Chrome,,,,
hexis-satin-racing-light-blue-vinyl-wrap-hx20521s,HX20521S,Hexis Satin Racing Light Blue Vinyl Wrap,HEXIS,Satin,,,,
hexis-satin-red-alu-vinyl-wrap-hx20196s,HX20196S,Hexis Satin Red Alu Vinyl Wrap,HEXIS,Satin,,,,
hexis-satin-red-super-chrome-vinyl-wrap-hx30sch02s,HX30SCH02S,Hexis Satin Red Super Chrome Vinyl Wrap,HEXIS,Chrome,,,,
hexis-satin-rigel-blue-chrome-vinyl-wrap-hx30sch17s,HX30SCH17S,Hexis Satin Rigel Blue Super Chrome Vinyl Wrap,HEXIS,Chrome,,,,
hexis-satin-rose-gold-super-chrome-vinyl-wrap-hx30sch12s,HX30SCH12S,Hexis Satin Rose Gold Super Chrome Vinyl Wrap,HEXIS,Chrome,,,,
hexis-satin-santi-grey-metallic-vinyl-wrap-hx20g03s,HX20G03S,Hexis Satin Santi Gray Metallic Vinyl Wrap,HEXIS,Metallic,,,,
hexis-satin-scarlet-fever-red-chrome-vinyl-wrap-hx30sch16s,HX30SCH16S,Hexis Satin Scarlet Fever Red Super Chrome Vinyl Wrap,HEXIS,Chrome,,,,
hexis-satin-silver-super-chrome-vinyl-wrap-hx30sch01s,HX30SCH01S,Hexis Satin Silver Super Chrome Vinyl Wrap,HEXIS,Chrome,,,,
hexis-satin-titanium-super-chrome-vinyl-wrap-hx30sch03s-blowout-stock-45-sq-ft-619705,BLOWOUT,Hexis Satin Titanium Super Chrome Vinyl Wrap HX30SCH03S,HEXIS,Chrome,,,,
hexis-satin-titanium-super-chrome-vinyl-wrap-hx30sch03s,HX30SCH03S,Hexis Satin Titanium Super Chrome Vinyl Wrap,HEXIS,Chrome,,,,
hexis-satin-turquoise-super-chrome-vinyl-wrap-hx30sch09s,HX30SCH09S,Hexis Satin Turquoise Super Chrome Vinyl Wrap,HEXIS,Chrome,,,,
hexis-special-edition-hypnos-iridescent-vinyl-wrap-hx30ss24w,HX30SS24W,Hexis Special Edition Satin Hypnos Iridescent Vinyl Wrap,HEXIS,Satin,,,,
hexis-ultra-gloss-petroleum-black-carbon-fiber-vinyl-wrap-hx30canpeb,HX30CANPEB,Hexis Ultra Gloss Petroleum Black Carbon Fiber Vinyl Wrap,HEXIS,Gloss,,,,
kpmf-gloss-atlantic-pearl-vinyl-wrap-k75402,K75402,KPMF K75400 Gloss Atlantic Pearl Vinyl Wrap,KPMF,Gloss,,,,
kpmf-gloss-blue-black-iridescent-vinyl-wrap-k75469,K75469,KPMF K75400 Gloss Blue Black Iridescent Vinyl Wrap,KPMF,Gloss,,,,
kpmf-k75500-gloss-british-racing-green-vinyl-wrap-k75449,,KPMF K75400 Gloss British Racing Green Vinyl Wrap K75449,KPMF,Gloss,,,,
kpmf-gloss-chalk-white-vinyl-wrap-k75411,K75411,KPMF K75400 Gloss Chalk White Vinyl Wrap,KPMF,Gloss,,,,
kpmf-gloss-copper-black-starlight-iridescent-vinyl-wrap-k75479,K75479,KPMF K75400 Gloss Copper Black Starlight Iridescent Vinyl Wrap,KPMF,Gloss,,,,
kpmf-k75400-gloss-cosmos-pink-vinyl-wrap-k75410,K75410,KPMF K75400 Gloss Cosmos Pink Vinyl Wrap,KPMF,Gloss,,,,
kpmf-k75400-gloss-ember-orange-vinyl-wrap-k75404,K75404,KPMF K75400 Gloss Ember Orange Vinyl Wrap,KPMF,Gloss,,,,
kpmf-gloss-envious-green-vinyl-wrap-k75407,K75407,KPMF K75400 Gloss Envious Green Vinyl Wrap,KPMF,Gloss,,,,
kpmf-k75400-gloss-epsilon-metallic-vinyl-wrap-k5419,K75419,KPMF K75400 Gloss Epsilon Metallic Vinyl Wrap,KPMF,Metallic,,,,
kpmf-gloss-excelsior-blue-vinyl-wrap-k75441,K75441,KPMF K75400 Gloss Excelsior Blue Vinyl Wrap,KPMF,Gloss,,,,
kpmf-gloss-green-black-iridescent-vinyl-wrap-k75460,K75460,KPMF K75400 Gloss Green Black Iridescent Vinyl Wrap,KPMF,Gloss,,,,
kpmf-k75400-gloss-hypnotic-black-violet-vinyl-wrap-k75459,K75459,KPMF K75400 Gloss Hypnotic Black Violet Vinyl Wrap,KPMF,Gloss,,,,
kpmf-gloss-imperial-orchid-vinyl-wrap-k75468,K75468,KPMF K75400 Gloss Imperial Orchid Vinyl Wrap,KPMF,Gloss,,,,
kpmf-gloss-indulgent-blue-vinyl-wrap-k75405,K75405,KPMF K75400 Gloss Indulgent Blue Vinyl Wrap,KPMF,Gloss,,,,
kpmf-k75400-gloss-interstellar-pink-vinyl-wrap-k75478,K75478,KPMF K75400 Gloss Interstellar Pink Vinyl Wrap,KPMF,Gloss,,,,
kpmf-gloss-magnetic-black-vinyl-wrap-k75440,K75440,KPMF K75400 Gloss Magnetic Black Vinyl Wrap,KPMF,Gloss,,,,
kpmf-gloss-midnight-crimson-bloom-vinyl-wrap-k75447,K75447,KPMF K75400 Gloss Midnight Crimson Bloom Vinyl Wrap,KPMF,Gloss,,,,
kpmf-gloss-momentum-pink-vinyl-wrap-k75406,K75406,KPMF K75400 Gloss Momentum Pink Vinyl Wrap,KPMF,Gloss,,,,
kpmf-gloss-morpheus-black-starlight-iridescent-vinyl-wrap-k75470,K75470,KPMF K75400 Gloss Morpheus Black Starlight Iridescent Vinyl Wrap,KPMF,Gloss,,,,
kpmf-gloss-ominous-grey-vinyl-wrap-k75415,K75415,KPMF K75400 Gloss Ominous Gray Vinyl Wrap,KPMF,Gloss,,,,
kpmf-gloss-opulent-indigo-vinyl-wrap-k75452,K75452,KPMF K75400 Gloss Opulent Indigo Vinyl Wrap,KPMF,Gloss,,,,
kpmf-gloss-perfect-black-vinyl-wrap-k75443,K75443,KPMF K75400 Gloss Perfect Black Vinyl Wrap,KPMF,Gloss,,,,
kpmf-gloss-perfect-white-vinyl-wrap-k75444,K75444,KPMF K75400 Gloss Perfect White Vinyl Wrap,KPMF,Gloss,,,,
kpmf-gloss-phantom-black-metallic-vinyl-wrap-k75448,K75448,KPMF K75400 Gloss Phantom Black Metallic Vinyl Wrap,KPMF,Metallic,,,,
kpmf-k75400-gloss-porcelain-blue-vinyl-wrap-k75414,K75414,KPMF K75400 Gloss Porcelain Blue Vinyl Wrap,KPMF,Gloss,,,,
kpmf-gloss-purple-blue-iridescent-vinyl-wrap-k75466,K75466,KPMF K75400 Gloss Purple Blue Iridescent Vinyl Wrap,KPMF,Gloss,,,,
kpmf-gloss-purple-green-iridescent-vinyl-wrap-k75464,K75464,KPMF K75400 Gloss Purple Green Iridescent Vinyl Wrap,KPMF,Gloss,,,,
kpmf-gloss-red-black-iridescent-vinyl-wrap-k75408,K75408,KPMF K75400 Gloss Red Black Iridescent Vinyl Wrap,KPMF,Gloss,,,,
kpmf-gloss-solar-flash-vinyl-wrap-k75409,K75409,KPMF K75400 Gloss Solar Flash Vinyl Wrap,KPMF,Gloss,,,,
kpmf-k75400-gloss-surge-green-vinyl-wrap-k75438,K75438,KPMF K75400 Gloss Surge Green Vinyl Wrap,KPMF,Gloss,,,,
kpmf-k75400-gloss-tidal-teal-vinyl-wrap-k75413,K75413,KPMF K75400 Gloss Tidal Teal Vinyl Wrap,KPMF,Gloss,,,,
kpmf-k75400-gloss-trident-blue-vinyl-wrap-k75418,K75418,KPMF K75400 Gloss Trident Blue Vinyl Wrap,KPMF,Gloss,,,,
kpmf-gloss-vengeance-red-vinyl-wrap-k75403,K75403,KPMF K75400 Gloss Vengeance Red Vinyl Wrap,KPMF,Gloss,,,,
kpmf-k75400-gloss-verde-solaris-vinyl-wrap-k75439,K75439,KPMF K75400 Gloss Verde Solaris Vinyl Wrap,KPMF,Gloss,,,,
kpmf-k75400-gloss-viola-noir-vinyl-wrap-k75416,K75416,KPMF K75400 Gloss Viola Noir Vinyl Wrap,KPMF,Gloss,,,,
kpmf-k75400-gloss-zenith-grey-metallic-vinyl-wrap-k75477,K75477,KPMF K75400 Gloss Zenith Grey Metallic Vinyl Wrap,KPMF,Metallic,,,,
kpmf-matte-anodized-bronze-vinyl-wrap-k75549,K75549,KPMF K75400 Matte Anodized Bronze Vinyl Wrap,KPMF,Matte,,,,
kpmf-matte-crystalline-white-vinyl-wrap-k75540,K75540,KPMF K75400 Matte Crystalline White Vinyl Wrap,KPMF,Matte,,,,
kpmf-k75500-matte-dark-storm-vinyl-wrap-k75515,K75515,KPMF K75400 Matte Dark Storm Vinyl Wrap,KPMF,Matte,,,,
kpmf-k75400-matte-dune-metallic-vinyl-wrap-k75516,K75516,KPMF K75400 Matte Dune Metallic Vinyl Wrap,KPMF,Metallic,,,,
kpmf-k75400-matte-palladian-blue-vinyl-wrap-k75517,K75517,KPMF K75400 Matte Palladian Blue Vinyl Wrap,KPMF,Matte,,,,
kpmf-matte-perfect-black-vinyl-wrap-k75547,K75547,KPMF K75400 Matte Perfect Black Vinyl Wrap,KPMF,Matte,,,,
kpmf-k75400-matte-sterling-blue-k75514,K75514,KPMF K75400 Matte Sterling Blue Vinyl Wrap,KPMF,Matte,,,,
kpmf-k75400-matte-widowed-red-vinyl-wrap-k75508,K75508,KPMF K75400 Matte Widowed Red Vinyl Wrap,KPMF,Matte,,,,
kpmf-metro-gloss-wet-black-pearl-vinyl-wrap-k75422,K75422,KPMF K75400 Metro Gloss Wet Black Pearl Vinyl Wrap,KPMF,Gloss,,,,
kpmf-k75400-metro-matte-dynamic-hell-fire-vinyl-wrap-k75519,K75519,KPMF K75400 Metro Matte Dynamic Hell Fire Vinyl Wrap,KPMF,Matte,,,,
kpmf-k75400-metro-gloss-ceramic-matrix-grey-k75412,K75412,KPMF K75400 Metro Ultra Gloss Ceramic Matrix Gray Vinyl Wrap,KPMF,Gloss,,,,
kpmf-k75400-metro-gloss-dynamic-lime-vinyl-wrap-k75454,K75454,KPMF K75400 Metro Ultra Gloss Dynamic Lime Vinyl Wrap,KPMF,Gloss,,,,
kpmf-k75400-metro-ultra-gloss-dynamic-teal-vinyl-wrap-k75455,K75455,KPMF K75400 Metro Ultra Gloss Dynamic Teal Vinyl Wrap,KPMF,Gloss,,,,
kpmf-k75400-metro-ultra-gloss-metallic-gold-green-electrum-vinyl-wrap-k75423,K75423,KPMF K75400 Metro Ultra Gloss Metallic Gold Green Electrum Vinyl Wrap,KPMF,Metallic,,,,
kpmf-k75500-metro-ultra-gloss-cas-combat-army-green-vinyl-wrap-k75456,K75456,KPMF K75400 Ultra Gloss Cast Combat Army Green Vinyl Wrap,KPMF,Gloss,,,,
kpmf-k75500-frozen-midnight-purple-vinyl-wrap-k75570,K75570,KPMF K75500 Frozen Midnight Purple Vinyl Wrap,KPMF,,,,,
kpmf-k75400-matte-arctic-borealis-vinyl-wrap-k75509,K75509,KPMF K75500 Matte Arctic Borealis Vinyl Wrap,KPMF,Matte,,,,
kpmf-matte-aurora-pearl-vinyl-wrap-k75552,K75552,KPMF K75500 Matte Aurora Pearl Vinyl Wrap,KPMF,Matte,,,,
kpmf-matte-autumn-fire-vinyl-wrap-k75554,K75554,KPMF K75500 Matte Autumn Fire Vinyl Wrap,KPMF,Matte,,,,
kpmf-matte-burnished-bronze-vinyl-wrap-k75579,K75579,KPMF K75500 Matte Burnished Bronze Vinyl Wrap,KPMF,Matte,,,,
kpmf-k75500-matte-frozen-emerald-vinyl-wrap-k75577,K75577,KPMF K75500 Matte Frozen Emerald Vinyl Wrap,KPMF,Matte,,,,
kpmf-k75500-matte-frozen-mystic-pink-vinyl-wrap-k75575,K75575,KPMF K75500 Matte Frozen Mystic Pink Vinyl Wrap,KPMF,Matte,,,,
kpmf-k75500-matte-frozen-mystic-pink-vinyl-wrap-k75575-blowout-stock-225-sq-ft-296171,K75575,KPMF K75500 Matte Frozen Mystic Pink Vinyl Wrap,KPMF,Matte,,,,
kpmf-k75500-matte-frozen-ruby-vinyl-wrap-k75573,K75573,KPMF K75500 Matte Frozen Ruby Vinyl Wrap,KPMF,Matte,,,,
kpmf-k75500-matte-frozen-sapphire-vinyl-wrap-k75578,K75578,KPMF K75500 Matte Frozen Sapphire Vinyl Wrap,KPMF,Matte,,,,
kpmf-k75500-matte-gold-eclipse-vinyl-wrap-k75581,K75581,KPMF K75500 Matte Gold Eclipse Vinyl Wrap,KPMF,Matte,,,,
kpmf-matte-gold-white-starlight-iridescent-vinyl-wrap-k75572,K75572,KPMF K75500 Matte Gold White Starlight Iridescent Vinyl Wrap,KPMF,Matte,,,,
kpmf-k75400-matte-iced-amber-titanium-vinyl-wrap-k75591,K75591,KPMF K75500 Matte Iced Amber Titanium Vinyl Wrap,KPMF,Matte,,,,
kpmf-matte-iced-amethyst-titanium-vinyl-wrap-k75568,K75568,KPMF K75500 Matte Iced Amethyst Titanium Vinyl Wrap,KPMF,Matte,,,,
kpmf-matte-iced-blue-titanium-vinyl-wrap-k75505,K75505,KPMF K75500 Matte Iced Blue Titanium Vinyl Wrap,KPMF,Matte,,,,
kpmf-k75500-matte-iced-green-titanium-vinyl-wrap-k75507,K75507,KPMF K75500 Matte Iced Green Titanium Vinyl Wrap,KPMF,Matte,,,,
blowout-stock-260-sq-ft-7819506,K75507,KPMF K75500 Matte Iced Green Titanium Vinyl Wrap,KPMF,Matte,,,,
kpmf-matte-iced-orange-titanium-vinyl-wrap-k75502,K75502,KPMF K75500 Matte Iced Orange Titanium Vinyl Wrap,KPMF,Matte,,,,
kpmf-k75500-matte-iced-pink-titanium-vinyl-wrap-k75504,K75504,KPMF K75500 Matte Iced Pink Titanium Vinyl Wrap,KPMF,Matte,,,,
kpmf-matte-iced-red-titanium-vinyl-wrap-k75506,K75506,KPMF K75500 Matte Iced Red Titanium Vinyl Wrap,KPMF,Matte,,,,
kpmf-matte-iced-silver-titanium-vinyl-wrap-k75501,K75501,KPMF K75500 Matte Iced Silver Titanium Vinyl Wrap,KPMF,Matte,,,,
kpmf-matte-iced-yellow-titanium-vinyl-wrap-k75534,K75534,KPMF K75500 Matte Iced Yellow Titanium Vinyl Wrap,KPMF,Matte,,,,
blowout-stock-205-sq-ft-7586041,K75534,KPMF K75500 Matte Iced Yellow Titanium Vinyl Wrap,KPMF,Matte,,,,
kpmf-matte-java-brown-vinyl-wrap-k75543,K75543,KPMF K75500 Matte Java Brown Vinyl Wrap,KPMF,Matte,,,,
kpmf-k75500-matte-lightning-vinyl-wrap-k75548,,KPMF K75500 Matte Lightning Vinyl Wrap K75548,KPMF,Matte,,,,
kpmf-matte-magnetic-black-vinyl-wrap-k75551,K75551,KPMF K75500 Matte Magnetic Black Vinyl Wrap,KPMF,Matte,,,,
kpmf-matte-morpheus-black-starlight-iridescent-vinyl-wrap-k75571,K75571,KPMF K75500 Matte Morpheus Black Starlight Iridescent Vinyl Wrap,KPMF,Matte,,,,
kpmf-matte-pacific-blue-white-starlight-iridescent-vinyl-wrap-k75576,K75576,KPMF K75500 Matte Pacific Blue White Starlight Iridescent Vinyl Wrap,KPMF,Matte,,,,
kpmf-matte-perfect-white-vinyl-wrap-k75546,K75546,KPMF K75500 Matte Perfect White Vinyl Wrap,KPMF,Matte,,,,
kpmf-matte-phantom-black-metallic-vinyl-wrap-k75528,K75528,KPMF K75500 Matte Phantom Black Metallic Vinyl Wrap,KPMF,Metallic,,,,
kpmf-matte-pink-white-starlight-iridescent-vinyl-wrap-k75574,K75574,KPMF K75500 Matte Pink White Starlight Iridescent Vinyl Wrap,KPMF,Matte,,,,
kpmf-matte-platinum-dark-sage-vinyl-wrap-k75560,K75560,KPMF K75500 Matte Platinum Dark Sage Vinyl Wrap,KPMF,Matte,,,,
kpmf-matte-purple-black-iridescent-vinyl-wrap-k75565,K75565,KPMF K75500 Matte Purple Black Iridescent Vinyl Wrap,KPMF,Matte,,,,
kpmf-matte-purple-blue-iridescent-vinyl-wrap-k75566,K75566,KPMF K75500 Matte Purple Blue Iridescent Vinyl Wrap,KPMF,Matte,,,,
kpmf-matte-russet-red-vinyl-wrap-k75545,K75545,KPMF K75500 Matte Russet Red Vinyl Wrap,KPMF,Matte,,,,
kpmf-matte-siberian-pearl-vinyl-wrap-k75539,K75539,KPMF K75500 Matte Siberian Pearl Vinyl Wrap,KPMF,Matte,,,,
kpmf-k75500-matte-sinister-blue-vinyl-wrap-k75562,K75562,KPMF K75500 Matte Sinister Blue Vinyl Wrap,KPMF,Matte,,,,
kpmf-k75500-matte-sonic-yellow-pearl-vinyl-wrap-k75538,K75538,KPMF K75500 Matte Sonic Yellow Pearl Vinyl Wrap,KPMF,Matte,,,,
kpmf-k75500-matte-tempest-blue-vinyl-wrap-k75513,K75513,KPMF K75500 Matte Tempest Blue Vinyl Wrap,KPMF,Matte,,,,
kpmf-matte-trenton-blue-vinyl-wrap-k75544,K75544,KPMF K75500 Matte Trenton Blue Vinyl Wrap,KPMF,Matte,,,,
kpmf-matte-viper-green-vinyl-wrap-k75542,K75542,KPMF K75500 Matte Viper Green Vinyl Wrap,KPMF,Matte,,,,
kpmf-matte-white-blue-pearlescent-iridescent-vinyl-wrap-k75584,K75584,KPMF K75500 Matte White Blue Pearlescent Iridescent Vinyl Wrap,KPMF,Pearlescent,,,,
kpmf-k75500-metro-ultra-gloss-blu-glauco-k75453,K75453,KPMF K75500 Metro Gloss Blu Glauco Vinyl Wrap,KPMF,Gloss,,,,
kpmf-k75500-gloss-desert-storm-vinyl-wrap-k75457-special-order,K75457,KPMF K75500 Metro Gloss Desert Storm Vinyl Wrap,KPMF,Gloss,,,,
kpmf-metro-matte-dynamic-lime-vinyl-wrap-k75503,K75503,KPMF K75500 Metro Matte Dynamic Lime Vinyl Wrap,KPMF,Matte,,,,
kpmf-k75400-metro-matte-dynamic-pomegranate-explosion-vinyl-wrap-k75520,K75520,KPMF K75500 Metro Matte Dynamic Pomegranate Explosion Vinyl Wrap,KPMF,Matte,,,,
kpmf-k75500-matte-dynamic-supernova-vinyl-wrap-k75535,K75535,KPMF K75500 Metro Matte Dynamic Supernova Vinyl Wrap,KPMF,Matte,,,,
kpmf-k75500-metro-matte-dynamic-turquoise-vinyl-wrap-k75511,K75511,KPMF K75500 Metro Matte Dynamic Turquoise Vinyl Wrap,KPMF,Matte,,,,
kpmf-k75500-metro-matte-jargon-jade-vinyl-wrap-k75512,K75512,KPMF K75500 Metro Matte Jargon Jade Vinyl Wrap,KPMF,Matte,,,,
kpmf-k75500-metro-matte-lilac-vinyl-wrap-k75580,K75580,KPMF K75500 Metro Matte Lilac Vinyl Wrap,KPMF,Matte,,,,
kpmf-k75500-metro-matte-military-green-vinyl-wrap-k75559,K75559,KPMF K75500 Metro Matte Military Green Vinyl Wrap,KPMF,Matte,,,,
kpmf-k75500-metro-matte-rugrat-blue-vinyl-wrap-k75510,K75510,KPMF K75500 Metro Matte Rugrat Blue Vinyl Wrap,KPMF,Matte,,,,
kpmf-matte-violaceous-blue-vinyl-wrap-k75558,K75558,KPMF K75500 Metro Matte Violaceous Blue Vinyl Wrap,KPMF,Matte,,,,
blowout-stock-225-sq-ft-7876043,K75558,KPMF K75500 Metro Matte Violaceous Blue Vinyl Wrap,KPMF,Matte,,,,
kpmf-satin-desert-storm-vinyl-wrap-k75557,K75557,KPMF K75500 Metro Satin Desert Storm Vinyl Wrap,KPMF,Satin,,,,
kpmf-satin-nero-vinyl-wrap-k75553,K75553,KPMF K75500 Metro Satin Nero Vinyl Wrap,KPMF,Satin,,,,
kpmf-metro-satin-rose-gold-vinyl-wrap-k75555,K75555,KPMF K75500 Metro Satin Rose Gold Vinyl Wrap,KPMF,Satin,,,,
kpmf-k75500-metro-satin-spearmint-vinyl-wrap-k75564,K75564,KPMF K75500 Metro Satin Spearmint Vinyl Wrap,KPMF,Satin,,,,
kpmf-k75500-metro-satin-superior-lavender-vinyl-wrap-k75563,K75563,KPMF K75500 Metro Satin Superior Lavender Vinyl Wrap,KPMF,Satin,,,,
kpmf-k75500-metro-gloss-desert-storm-k75457,K75457,KPMF K75500 Metro Ultra Gloss Desert Storm Vinyl Wrap,KPMF,Gloss,,,,
kpmf-k75400-satin-perfect-black-vinyl-wrap-k75530,K75530,KPMF K75500 Satin Perfect Black Vinyl Wrap,KPMF,Satin,,,,
kpmf-satin-stealth-tundra-vinyl-wrap-k75531,K75531,KPMF K75500 Satin Stealth Tundra Vinyl Wrap,KPMF,Satin,,,,
kpmf-k75800-absolute-matte-forest-green-vinyl-wrap-k75806,K75806,KPMF K75800 Absolute Matte Forest Green Vinyl Wrap,KPMF,Matte,,,,
kpmf-absolute-matte-mythos-red-vinyl-wrap-k75801,K75801,KPMF K75800 Absolute Matte Mythos Red Vinyl Wrap,KPMF,Matte,,,,
kpmf-absolute-matte-quantum-blue-vinyl-wrap-k75802,K75802,KPMF K75800 Absolute Matte Quantum Blue Vinyl Wrap,KPMF,Matte,,,,
kpmf-absolute-matte-royal-amethyst-vinyl-wrap-k75803,K75803,KPMF K75800 Absolute Matte Royal Amethyst Vinyl Wrap,KPMF,Matte,,,,
blowout-stock-290-sq-ft-7039481,K75803,KPMF K75800 Absolute Matte Royal Amethyst Vinyl Wrap,KPMF,Matte,,,,
kpmf-k75800-absolute-matte-vector-green-vinyl-wrap-k75808,K75808,KPMF K75800 Absolute Matte Vector Green Vinyl Wrap,KPMF,Matte,,,,
kpmf-stealth-dynamic-teal-vinyl-wrap-k75805,,KPMF K75800 Metro Matte Stealth Dynamic Teal Vinyl Wrap K75805,KPMF,Matte,,,,
kpmf-stealth-nero-vinyl-wrap-k75804,,KPMF K75800 Metro Matte Stealth Nero Vinyl Wrap K75804,KPMF,Matte,,,,
kpmf-k75400-metro-stealth-dynamic-midnight-sand-storm-vinyl-wrap-k75809,K75809,KPMF K75800 Metro Stealth Dynamic Midnight Sand Storm Vinyl Wrap,KPMF,,,,,
kpmf-k75500-stealth-piggy-bank-vinyl-wrap-k75807,K75807,KPMF K75800 Metro Stealth Piggy Bank Vinyl Wrap,KPMF,,,,,
kpmf-black-carbon-fiber-vinyl-wrap-k87021,K87021,KPMF K87000 Black Carbon Fiber Vinyl Wrap,KPMF,,,,,
kpmf-k8700-super-high-gloss-pure-black-k87521,K87521,KPMF K87000 Super High Gloss Pure Black Vinyl Wrap Film,KPMF,Gloss,,,,
kpmf-gloss-black-vinyl-wrap-k88021,K88021,KPMF K88000 Gloss Black Vinyl Wrap,KPMF,Gloss,,,,
kpmf-gloss-bright-red-vinyl-wrap-k88053,K88053,KPMF K88000 Gloss Bright Red Vinyl Wrap,KPMF,Gloss,,,,
kpmf-gloss-deep-red-vinyl-wrap-k88519,K88519,KPMF K88000 Gloss Deep Red Vinyl Wrap,KPMF,Gloss,,,,
kpmf-gloss-marina-vinyl-wrap-k88069,K88069,KPMF K88000 Gloss Marina Vinyl Wrap,KPMF,Gloss,,,,
kpmf-gloss-ultramarine-vinyl-wrap-k88064,K88064,KPMF K88000 Gloss Ultramarine Vinyl Wrap,KPMF,Gloss,,,,
kpmf-gloss-white-vinyl-wrap-k88011,K88011,KPMF K88000 Gloss White Vinyl Wrap,KPMF,Gloss,,,,
kpmf-matte-black-vinyl-wrap-k89021,K89021,KPMF K89000 Matte Black Vinyl Wrap,KPMF,Matte,,,,
kpmf-matte-dark-grey-vinyl-wrap-k89015,K89015,KPMF K89000 Matte Dark Gray Vinyl Wrap,KPMF,Matte,,,,
kpmf-matte-red-vinyl-wrap-k89053,K89053,KPMF K89000 Matte Red Vinyl Wrap,KPMF,Matte,,,,
kpmf-matte-sky-blue-vinyl-wrap-k89063,K89063,KPMF K89000 Matte Sky Blue Vinyl Wrap,KPMF,Matte,,,,
kpmf-matte-white-vinyl-wrap-k89011,K89011,KPMF K89000 Matte White Vinyl Wrap,KPMF,Matte,,,,
kpmf-k89000-series-matte-clear-vws-i-k89002,K89002,KPMF K89000 Series Matte Clear VWS I,KPMF,Matte,,,,
luxe-lightwrap-gloss-smoke-headlight-taillight-film,,Luxe LightWrap Gloss Smoke Headlight / Taillight Film,Luxe,Gloss,,,,
luxe-lightwrap-stealth-smoke-headlight-taillight-film,,Luxe LightWrap Stealth Smoke Headlight / Taillight Film,Luxe,,,,,
metro-avery-frozen-matte-black-conform-chrome-vinyl-wrap-cwsf100196s-m,CWSF100196S-M,Metro Avery SF100 Frozen Matte Black Conform Chrome Vinyl Wrap,Avery,Chrome,,,,
metro-avery-frozen-matte-blue-conform-chrome-vinyl-wrap-cwsf100256s-m,CWSF100256S-M,Metro Avery SF100 Frozen Matte Blue Conform Chrome Vinyl Wrap,Avery,Chrome,,,,
metro-avery-frozen-matte-gold-conform-chrome-vinyl-wrap-cwsf100604s-m,CWSF100604S-M,Metro Avery SF100 Frozen Matte Gold Conform Chrome Vinyl Wrap,Avery,Chrome,,,,
metro-avery-frozen-matte-red-conform-chrome-vinyl-wrap-cwsf100474s-m,CWSF100474S-M,Metro Avery SF100 Frozen Matte Red Conform Chrome Vinyl Wrap,Avery,Chrome,,,,
metro-avery-frozen-matte-rose-gold-conform-chrome-vinyl-wrap-cwsf100211s-m,CWSF100211S-M,Metro Avery SF100 Frozen Matte Rose Gold Conform Chrome Vinyl Wrap,Avery,Chrome,,,,
metro-avery-frozen-matte-silver-conform-chrome-vinyl-wrap-cwsf100843s-m,CWSF100843S-M,Metro Avery SF100 Frozen Matte Silver Conform Chrome Vinyl Wrap,Avery,Chrome,,,,
metro-avery-frozen-matte-violet-conform-chrome-vinyl-wrap-sf100510s-m,SF100510S-M,Metro Avery SF100 Frozen Matte Violet Conform Chrome Vinyl Wrap,Avery,Chrome,,,,
metro-avery-frozen-satin-black-conform-chrome-vinyl-wrap-cwsf100196s-s,CWSF100196S-S,Metro Avery SF100 Frozen Satin Black Conform Chrome Vinyl Wrap,Avery,Chrome,,,,
metro-avery-frozen-satin-blue-conform-chrome-vinyl-wrap-cwsf100256s-s,CWSF100256S-S,Metro Avery SF100 Frozen Satin Blue Conform Chrome Vinyl Wrap,Avery,Chrome,,,,
metro-avery-frozen-satin-gold-conform-chrome-vinyl-wrap-cwsf100604s-s,CWSF100604S-S,Metro Avery SF100 Frozen Satin Gold Conform Chrome Vinyl Wrap,Avery,Chrome,,,,
metro-avery-frozen-satin-red-conform-chrome-vinyl-wrap-cwsf100474s-s,CWSF100474S-S,Metro Avery SF100 Frozen Satin Red Conform Chrome Vinyl Wrap,Avery,Chrome,,,,
metro-avery-frozen-satin-rose-gold-conform-chrome-vinyl-wrap-sf100211s-s,SF100211S-S,Metro Avery SF100 Frozen Satin Rose Gold Conform Chrome Vinyl Wrap,Avery,Chrome,,,,
metro-avery-frozen-satin-silver-conform-chrome-vinyl-wrap-cwsf100843s-s,CWSF100843S-S,Metro Avery SF100 Frozen Satin Silver Conform Chrome Vinyl Wrap,Avery,Chrome,,,,
metro-avery-frozen-satin-violet-conform-chrome-vinyl-wrap-sf100510s-s,SF100510S-S,Metro Avery SF100 Frozen Satin Violet Conform Chrome Vinyl Wrap,Avery,Chrome,,,,
metro-avery-gloss-protected-black-conform-chrome-vinyl-wrap-cwsf100196s-gp,CWSF100196S-GP,Metro Avery SF100 Gloss Protected Black Conform Chrome Vinyl Wrap,Avery,Chrome,,,,
metro-avery-gloss-protected-blue-conform-chrome-vinyl-wrap-cwsf100256s-gp,CWSF100256S-GP,Metro Avery SF100 Gloss Protected Blue Conform Chrome Vinyl Wrap,Avery,Chrome,,,,
metro-avery-gloss-protected-gold-conform-chrome-vinyl-wrap-cwsf100604s-gp,CWSF100604S-GP,Metro Avery SF100 Gloss Protected Gold Conform Chrome Vinyl Wrap,Avery,Chrome,,,,
metro-avery-gloss-protected-red-conform-chrome-vinyl-wrap-cwsf100474s-gp,CWSF100474S-GP,Metro Avery SF100 Gloss Protected Red Conform Chrome Vinyl Wrap,Avery,Chrome,,,,
metro-avery-gloss-protected-rose-gold-conform-chrome-vinyl-wrap-sf100211s-gp,SF100211S-GP,Metro Avery SF100 Gloss Protected Rose Gold Conform Chrome Vinyl Wrap,Avery,Chrome,,,,
metro-avery-gloss-protected-silver-conform-chrome-vinyl-wrap-cwsf100843s-gp,CWSF100843S-GP,Metro Avery SF100 Gloss Protected Silver Conform Chrome Vinyl Wrap,Avery,Chrome,,,,
metro-avery-gloss-protected-violet-conform-chrome-vinyl-wrap-sf100510s-gp,SF100510S-GP,Metro Avery SF100 Gloss Protected Violet Conform Chrome Vinyl Wrap,Avery,Chrome,,,,
metro-wrap-forged-carbon-fiber-vinyl-film,,Metro Wrap Forged Carbon Fiber Vinyl Film,Metro Wrap,,,,,
metro-wrap-forged-metallic-carbon-fiber-vinyl-film,,Metro Wrap Forged Metallic Carbon Fiber Vinyl Film,Metro Wrap,Metallic,,,,
metro-wrap-nemesis-metallic-carbon-fiber-2-0-vinyl-film,,Metro Wrap Nemesis Metallic Carbon Fiber 2.0 Vinyl Film,Metro Wrap,Metallic,,,,
metro-wrap-nemesis-metallic-carbon-fiber-vinyl-film,,Metro Wrap Nemesis Metallic Carbon Fiber Vinyl Film,Metro Wrap,Metallic,,,,
metro-wrap-real-d-2-0-carbon-fiber-vinyl-film,,Metro Wrap Real D 2.0 Carbon Fiber Vinyl Film,Metro Wrap,,,,,
metro-wrap-real-d-2-0-metallic-carbon-fiber-vinyl-film,,Metro Wrap Real D 2.0 Metallic Carbon Fiber Vinyl Film,Metro Wrap,Metallic,,,,
metro-wrap-real-d-3-0-metallic-carbon-fiber-vinyl-film,,Metro Wrap Real D 3.0 Metallic Carbon Fiber Vinyl Film,Metro Wrap,Metallic,,,,
metro-wrap-real-d-carbon-fiber-vinyl-film,,Metro Wrap Real D Carbon Fiber Vinyl Film,Metro Wrap,,,,,
metro-wrap-real-d-metallic-carbon-fiber-vinyl-film,,Metro Wrap Real D Metallic Carbon Fiber Vinyl Film,Metro Wrap,Metallic,,,,
oracal-gloss-algae-green-vinyl-wrap-970ra-688,970RA-688,Orafol 970RA Gloss Algae Green Vinyl Wrap,ORACAL,Gloss,,,,
oracal-gloss-aluminum-metallic-vinyl-wrap-970ra-908,970RA-908,Orafol 970RA Gloss Aluminum Metallic Vinyl Wrap,ORACAL,Metallic,,,,
oracal-gloss-amethyst-vinyl-wrap-970ra-316,970RA-316,Orafol 970RA Gloss Amethyst Vinyl Wrap,ORACAL,Gloss,,,,
oracal-gloss-anthracite-metallic-vinyl-wrap-970ra-093,970RA-093,Orafol 970RA Gloss Anthracite Metallic Vinyl Wrap,ORACAL,Metallic,,,,
oracal-gloss-aquamarine-vinyl-wrap-970ra-318,970RA-318,Orafol 970RA Gloss Aquamarine Vinyl Wrap,ORACAL,Gloss,,,,
oracal-gloss-aubergine-bronze-vinyl-wrap-970ra-990,970RA-990,Orafol 970RA Gloss Aubergine Bronze Vinyl Wrap,ORACAL,Gloss,,,,
oracal-gloss-avocado-vinyl-wrap-970ra-317,970RA-317,Orafol 970RA Gloss Avocado Vinyl Wrap,ORACAL,Gloss,,,,
oracal-gloss-azure-blue-metallic-vinyl-wrap-970ra-197,970RA-197,Orafol 970RA Gloss Azure Blue Metallic Vinyl Wrap,ORACAL,Metallic,,,,
oracal-gloss-ballistic-blue-vinyl-wrap-970ra-571,970RA-571,Orafol 970RA Gloss Ballistic Blue Vinyl Wrap,ORACAL,Gloss,,,,
oracal-gloss-baltic-blue-vinyl-wrap-970ra-178,970RA-178,Orafol 970RA Gloss Baltic Blue Vinyl Wrap,ORACAL,Gloss,,,,
oracal-gloss-black-galactic-gold-vinyl-wrap-970ra-905,970RA-905,Orafol 970RA Gloss Black Galactic Gold Vinyl Wrap,ORACAL,Gloss,,,,
oracal-gloss-black-metallic-vinyl-wrap-970ra-704,970RA-704,Orafol 970RA Gloss Black Metallic Vinyl Wrap,ORACAL,Metallic,,,,
oracal-gloss-black-vinyl-wrap-970ra-070,970RA-070,Orafol 970RA Gloss Black Vinyl Wrap,ORACAL,Gloss,,,,
oracal-gloss-blue-vinyl-wrap-970ra-067,970RA-067,Orafol 970RA Gloss Blue Vinyl Wrap,ORACAL,Gloss,,,,
oracal-gloss-bottle-green-vinyl-wrap-970ra-286,970RA-286,Orafol 970RA Gloss Bottle Green Vinyl Wrap,ORACAL,Gloss,,,,
oracal-gloss-brass-metallic-vinyl-wrap-970ra-922,970RA-922,Orafol 970RA Gloss Brass Metallic Vinyl Wrap,ORACAL,Metallic,,,,
oracal-gloss-bronze-antique-metallic-vinyl-wrap-970ra-921,970RA-921,Orafol 970RA Gloss Bronze Antique Metallic Vinyl Wrap,ORACAL,Metallic,,,,
oracal-gloss-bronze-metallic-vinyl-wrap-970ra-920,970RA-920,Orafol 970RA Gloss Bronze Metallic Vinyl Wrap,ORACAL,Metallic,,,,
oracal-gloss-canary-yellow-vinyl-wrap-970ra-235,970RA-235,Orafol 970RA Gloss Canary Yellow Vinyl Wrap,ORACAL,Gloss,,,,
oracal-gloss-cardinal-red-vinyl-wrap-970ra-028,970RA-028,Orafol 970RA Gloss Cardinal Red Vinyl Wrap,ORACAL,Gloss,,,,
oracal-gloss-cargo-red-vinyl-wrap-970ra-882,970RA-882,Orafol 970RA Gloss Cargo Red Vinyl Wrap,ORACAL,Gloss,,,,
oracal-gloss-cargo-yellow-vinyl-wrap-970ra-256,970RA-256,Orafol 970RA Gloss Cargo Yellow Vinyl Wrap,ORACAL,Gloss,,,,
orafol-970ra-gloss-champagne-myst-vinyl-wrap-970ra-996,970RA-996,Orafol 970RA Gloss Champagne Myst Vinyl Wrap,ORACAL,Gloss,,,,
oracal-gloss-charcoal-metallic-vinyl-wrap-970ra-937,970RA-937,Orafol 970RA Gloss Charcoal Metallic Vinyl Wrap,ORACAL,Metallic,,,,
oracal-gloss-chili-red-vinyl-wrap-970ra-371,970RA-371,Orafol 970RA Gloss Chili Red Vinyl Wrap,ORACAL,Gloss,,,,
orafol-970ra-gloss-copper-kiss-vinyl-wrap-970ra-313,970RA-313,Orafol 970RA Gloss Copper Kiss Vinyl Wrap,ORACAL,Gloss,,,,
oracal-gloss-cranberry-vinyl-wrap-970ra-320,970RA-320,Orafol 970RA Gloss Cranberry Vinyl Wrap,ORACAL,Gloss,,,,
oracal-gloss-crocus-yellow-vinyl-wrap-970ra-201,970RA-201,Orafol 970RA Gloss Crocus Yellow Vinyl Wrap,ORACAL,Gloss,,,,
oracal-gloss-crystal-white-vinyl-wrap-970ra-945,970RA-945,Orafol 970RA Gloss Crystal White Vinyl Wrap,ORACAL,Gloss,,,,
oracal-gloss-daggi-orange-vinyl-wrap-970ra-363,970RA-363,Orafol 970RA Gloss Daggi Orange Vinyl Wrap,ORACAL,Gloss,,,,
oracal-gloss-dark-grey-vinyl-wrap-970ra-073,970RA-073,Orafol 970RA Gloss Dark Gray Vinyl Wrap,ORACAL,Gloss,,,,
oracal-gloss-dark-red-vinyl-wrap-970ra-030,970RA-030,Orafol 970RA Gloss Dark Red Vinyl Wrap,ORACAL,Gloss,,,,
oracal-gloss-deep-blue-metallic-vinyl-wrap-970ra-192,970RA-192,Orafol 970RA Gloss Deep Blue Metallic Vinyl Wrap,ORACAL,Metallic,,,,
orafol-970ra-gloss-divine-gold-vinyl-wrap-970ra-995,970RA-995,Orafol 970RA Gloss Divine Gold Vinyl Wrap,ORACAL,Gloss,,,,
oracal-gloss-dove-blue-metallic-vinyl-wrap-970ra-195,970RA-195,Orafol 970RA Gloss Dove Blue Metallic Vinyl Wrap,ORACAL,Metallic,,,,
oracal-gloss-fir-tree-green-metallic-vinyl-wrap-970ra-677,970RA-677,Orafol 970RA Gloss Fir Tree Green Metallic Vinyl Wrap,ORACAL,Metallic,,,,
oracal-gloss-fir-tree-green-vinyl-wrap-970ra-622,970RA-622,Orafol 970RA Gloss Fir Tree Green Vinyl Wrap,ORACAL,Gloss,,,,
oracal-gloss-fjord-blue-vinyl-wrap-970ra-547,970RA-547,Orafol 970RA Gloss Fjord Blue Vinyl Wrap,ORACAL,Gloss,,,,
oracal-gloss-geranium-red-vinyl-wrap-970ra-305,970RA-305,Orafol 970RA Gloss Geranium Red Vinyl Wrap,ORACAL,Gloss,,,,
oracal-gloss-glacier-blue-vinyl-wrap-970ra-555,970RA-555,Orafol 970RA Gloss Glacier Blue Vinyl Wrap,ORACAL,Gloss,,,,
oracal-gloss-gold-metallic-vinyl-wrap-970ra-091,970RA-091,Orafol 970RA Gloss Gold Metallic Vinyl Wrap,ORACAL,Metallic,,,,
oracal-gloss-golden-yellow-vinyl-wrap-970ra-020,970RA-020,Orafol 970RA Gloss Golden Yellow Vinyl Wrap,ORACAL,Gloss,,,,
oracal-gloss-graphite-metallic-vinyl-wrap-970ra-932,970RA-932,Orafol 970RA Gloss Graphite Metallic Vinyl Wrap,ORACAL,Metallic,,,,
oracal-gloss-grass-green-vinyl-wrap-970ra-602,970RA-602,Orafol 970RA Gloss Grass Green Vinyl Wrap,ORACAL,Gloss,,,,
oracal-gloss-grey-cast-iron-metallic-vinyl-wrap-970ra-935,970RA-935,Orafol 970RA Gloss Gray Cast Iron Metallic Vinyl Wrap,ORACAL,Metallic,,,,
oracal-gloss-green-blue-vinyl-wrap-970ra-988,970RA-988,Orafol 970RA Gloss Green Blue Vinyl Wrap,ORACAL,Gloss,,,,
orafol-970ra-gloss-gt3-blue-vinyl-wrap-970ra-111,970RA-111,Orafol 970RA Gloss GT3 Blue Vinyl Wrap,ORACAL,Gloss,,,,
oracal-gloss-ice-blue-vinyl-wrap-970ra-056,970RA-056,Orafol 970RA Gloss Ice Blue Vinyl Wrap,ORACAL,Gloss,,,,
oracal-gloss-ice-grey-vinyl-wrap-970ra-724,970RA-724,Orafol 970RA Gloss Ice Gray Vinyl Wrap,ORACAL,Gloss,,,,
oracal-gloss-indigo-blue-vinyl-wrap-970ra-544,970RA-544,Orafol 970RA Gloss Indigo Blue Vinyl Wrap,ORACAL,Gloss,,,,
oracal-gloss-intergalactic-blue-vinyl-wrap-970ra-155,970RA-155,Orafol 970RA Gloss Intergalactic Blue Vinyl Wrap,ORACAL,Gloss,,,,
oracal-gloss-jetstream-blue-vinyl-wrap-970ra-963,970RA-963,Orafol 970RA Gloss Jetstream Blue Vinyl Wrap,ORACAL,Gloss,,,,
oracal-gloss-juniper-vinyl-wrap-970ra-689,970RA-689,Orafol 970RA Gloss Juniper Vinyl Wrap,ORACAL,Gloss,,,,
oracal-gloss-king-blue-vinyl-wrap-970ra-049,970RA-049,Orafol 970RA Gloss King Blue Vinyl Wrap,ORACAL,Gloss,,,,
oracal-gloss-lagoon-vinyl-wrap-970ra-553,970RA-553,Orafol 970RA Gloss Lagoon Vinyl Wrap,ORACAL,Gloss,,,,
oracal-gloss-lawn-green-vinyl-wrap-970ra-464,970RA-464,Orafol 970RA Gloss Lawn Green Vinyl Wrap,ORACAL,Gloss,,,,
oracal-gloss-light-navy-vinyl-wrap-970ra-564,970RA-564,Orafol 970RA Gloss Light Navy Vinyl Wrap,ORACAL,Gloss,,,,
oracal-gloss-light-red-vinyl-wrap-970ra-032,970RA-032,Orafol 970RA Gloss Light Red Vinyl Wrap,ORACAL,Gloss,,,,
oracal-gloss-light-yellow-vinyl-wrap-970ra-022,970RA-022,Orafol 970RA Gloss Light Yellow Vinyl Wrap,ORACAL,Gloss,,,,
oracal-gloss-lightning-strike-vinyl-wrap-970ra-123,970RA-123,Orafol 970RA Gloss Lightning Strike Vinyl Wrap,ORACAL,Gloss,,,,
oracal-gloss-luscious-lips-vinyl-wrap-970ra-961,970RA-961,Orafol 970RA Gloss Luscious Lips Vinyl Wrap,ORACAL,Gloss,,,,
oracal-gloss-maize-yellow-vinyl-wrap-970ra-209,970RA-209,Orafol 970RA Gloss Maize Yellow Vinyl Wrap,ORACAL,Gloss,,,,
oracal-gloss-mandarin-vinyl-wrap-970ra-300,970RA-300,Orafol 970RA Gloss Mandarin Vinyl Wrap,ORACAL,Gloss,,,,
orafol-970ra-gloss-metallic-citrus-fury-vinyl-wrap-970ra-173,970RA-173,Orafol 970RA Gloss Metallic Citrus Fury Vinyl Wrap,ORACAL,Metallic,,,,
orafol-970ra-gloss-metallic-enchanted-violet-vinyl-wrap-970ra-175,970RA-175,Orafol 970RA Gloss Metallic Enchanted Violet Vinyl Wrap,ORACAL,Metallic,,,,
orafol-970ra-gloss-metallic-riviera-rush-vinyl-wrap-970ra-171,970RA-171,Orafol 970RA Gloss Metallic Riviera Rush Vinyl Wrap,ORACAL,Metallic,,,,
orafol-970ra-gloss-metallic-turbo-turquoise-vinyl-wrap-970ra-172,970RA-172,Orafol 970RA Gloss Metallic Turbo Turquoise Vinyl Wrap,ORACAL,Metallic,,,,
oracal-gloss-millennium-gray-vinyl-wrap-970ra-793,970RA-793,Orafol 970RA Gloss Millennium Gray Vinyl Wrap,ORACAL,Gloss,,,,
oracal-gloss-mint-vinyl-wrap-970ra-055,970RA-055,Orafol 970RA Gloss Mint Vinyl Wrap,ORACAL,Gloss,,,,
orafol-970ra-gloss-municipal-orange-vinyl-wrap-970ra-351-special-order,970RA-351,Orafol 970RA Gloss Municipal Orange Vinyl Wrap,ORACAL,Gloss,,,,
oracal-gloss-nacre-metallic-vinyl-wrap-970ra-946,970RA-946,Orafol 970RA Gloss Nacre Metallic Vinyl Wrap,ORACAL,Metallic,,,,
oracal-gloss-night-blue-metallic-vinyl-wrap-970ra-196,970RA-196,Orafol 970RA Gloss Night Blue Metallic Vinyl Wrap,ORACAL,Metallic,,,,
oracal-gloss-night-blue-vinyl-wrap-970ra-511,970RA-511,Orafol 970RA Gloss Night Blue Vinyl Wrap,ORACAL,Gloss,,,,
oracal-gloss-orient-brown-metallic-vinyl-wrap-970ra-874,970RA-874,Orafol 970RA Gloss Orient Brown Metallic Vinyl Wrap,ORACAL,Metallic,,,,
oracal-gloss-papyrus-vinyl-wrap-970ra-816,970RA-816,Orafol 970RA Gloss Papyrus Vinyl Wrap,ORACAL,Gloss,,,,
oracal-gloss-pearl-symphony-vinyl-wrap-970ra-315,970RA-315,Orafol 970RA Gloss Pearl Symphony Vinyl Wrap,ORACAL,Gloss,,,,
oracal-gloss-police-blue-vinyl-wrap-970ra-572,970RA-572,Orafol 970RA Gloss Police Blue Vinyl Wrap,ORACAL,Gloss,,,,
oracal-gloss-police-green-vinyl-wrap-970ra-612,970RA-612,Orafol 970RA Gloss Police Green Vinyl Wrap,ORACAL,Gloss,,,,
oracal-gloss-post-office-yellow-vinyl-wrap-970ra-208,970RA-208,Orafol 970RA Gloss Post Office Yellow Vinyl Wrap,ORACAL,Gloss,,,,
oracal-gloss-purple-red-vinyl-wrap-970ra-026,970RA-026,Orafol 970RA Gloss Purple Red Vinyl Wrap,ORACAL,Gloss,,,,
oracal-gloss-pyrite-metallic-vinyl-wrap-970ra-926,970RA-926,Orafol 970RA Gloss Pyrite Metallic Vinyl Wrap,ORACAL,Metallic,,,,
oracal-gloss-red-brown-metallic-vinyl-wrap-970ra-369,970RA-369,Orafol 970RA Gloss Red Brown Metallic Vinyl Wrap,ORACAL,Metallic,,,,
oracal-gloss-red-vinyl-wrap-970ra-031,970RA-031,Orafol 970RA Gloss Red Vinyl Wrap,ORACAL,Gloss,,,,
oracal-gloss-rose-hip-vinyl-wrap-970ra-897,970RA-897,Orafol 970RA Gloss Rose-Hip Vinyl Wrap,ORACAL,Gloss,,,,
oracal-gloss-sea-blue-vinyl-wrap-970ra-509,970RA-509,Orafol 970RA Gloss Sea Blue Vinyl Wrap,ORACAL,Gloss,,,,
oracal-gloss-silver-grey-metallic-vinyl-wrap-970ra-090,970RA-090,Orafol 970RA Gloss Silver Gray Metallic Vinyl Wrap,ORACAL,Metallic,,,,
oracal-gloss-silver-green-pearl-vinyl-wrap-970ra-992,970RA-992,Orafol 970RA Gloss Silver Green Pearl Vinyl Wrap,ORACAL,Gloss,,,,
oracal-gloss-silverlake-metallic-vinyl-wrap-970ra-904,970RA-904,Orafol 970RA Gloss Silverlake Metallic Vinyl Wrap,ORACAL,Metallic,,,,
oracal-gloss-simple-grey-vinyl-wrap-970ra-730,970RA-730,Orafol 970RA Gloss Simple Gray Vinyl Wrap,ORACAL,Gloss,,,,
oracal-gloss-soft-pink-vinyl-wrap-970ra-045,970RA-045,Orafol 970RA Gloss Soft Pink Vinyl Wrap,ORACAL,Gloss,,,,
orafol-970ra-gloss-sparkling-citrus-fury-vinyl-wrap-970ra-183,970RA-183,Orafol 970RA Gloss Sparkling Citrus Fury Vinyl Wrap,ORACAL,Gloss,,,,
orafol-970ra-gloss-sparkling-enchanted-violet-vinyl-wrap-970ra-185,970RA-185,Orafol 970RA Gloss Sparkling Enchanted Violet Vinyl Wrap,ORACAL,Gloss,,,,
orafol-970ra-gloss-sparkling-riviera-rush-vinyl-wrap-970ra-181,970RA-181,Orafol 970RA Gloss Sparkling Riviera Rush Vinyl Wrap,ORACAL,Gloss,,,,
orafol-970ra-gloss-sparkling-turbo-turquoise-vinyl-wrap-970ra-182,970RA-182,Orafol 970RA Gloss Sparkling Turbo Turquoise Vinyl Wrap,ORACAL,Gloss,,,,
oracal-gloss-steel-vinyl-wrap-970ra-795,970RA-795,Orafol 970RA Gloss Steel Vinyl Wrap,ORACAL,Gloss,,,,
oracal-gloss-stone-grey-vinyl-wrap-970ra-711,970RA-711,Orafol 970RA Gloss Stone Gray Vinyl Wrap,ORACAL,Gloss,,,,
oracal-gloss-sunset-shift-vinyl-wrap-970ra-100,970RA-100,Orafol 970RA Gloss Sunset Shift Vinyl Wrap,ORACAL,Gloss,,,,
oracal-gloss-tangerine-dream-vinyl-wrap-970ra-959,970RA-959,Orafol 970RA Gloss Tangerine Dream Vinyl Wrap,ORACAL,Gloss,,,,
oracal-gloss-taxibeige-vinyl-wrap-970ra-809,970RA-809,Orafol 970RA Gloss Taxibeige Vinyl Wrap,ORACAL,Gloss,,,,
oracal-gloss-telegrey-vinyl-wrap-970ra-076,970RA-076,Orafol 970RA Gloss Telegrey Vinyl Wrap,ORACAL,Gloss,,,,
oracal-gloss-telemagenta-vinyl-wrap-970ra-077,970RA-077,Orafol 970RA Gloss Telemagenta Vinyl Wrap,ORACAL,Gloss,,,,
oracal-gloss-thunderous-blue-green-vinyl-wrap-970ra-851,970RA-851,Orafol 970RA Gloss Thunderous Blue Green Vinyl Wrap,ORACAL,Gloss,,,,
oracal-gloss-tin-metallic-vinyl-wrap-970ra-933,970RA-933,Orafol 970RA Gloss Tin Metallic Vinyl Wrap,ORACAL,Metallic,,,,
oracal-gloss-traffic-blue-vinyl-wrap-970ra-057,970RA-057,Orafol 970RA Gloss Traffic Blue Vinyl Wrap,ORACAL,Gloss,,,,
oracal-gloss-traffic-yellow-vinyl-wrap-970ra-216,970RA-216,Orafol 970RA Gloss Traffic Yellow Vinyl Wrap,ORACAL,Gloss,,,,
oracal-gloss-tree-green-vinyl-wrap-970ra-486,970RA-486,Orafol 970RA Gloss Tree Green Vinyl Wrap,ORACAL,Gloss,,,,
oracal-gloss-turquoise-lavender-vinyl-wrap-970ra-989,970RA-989,Orafol 970RA Gloss Turquoise Lavender Vinyl Wrap,ORACAL,Gloss,,,,
oracal-gloss-ultramarine-violet-vinyl-wrap-970ra-319,970RA-319,Orafol 970RA Gloss Ultramarine Violet Vinyl Wrap,ORACAL,Gloss,,,,
oracal-gloss-violet-metallic-vinyl-wrap-970ra-406,970RA-406,Orafol 970RA Gloss Violet Metallic Vinyl Wrap,ORACAL,Metallic,,,,
oracal-gloss-white-vinyl-wrap-970ra-010,970RA-010,Orafol 970RA Gloss White Vinyl Wrap,ORACAL,Gloss,,,,
oracal-gloss-zinc-metallic-vinyl-wrap-970ra-934,970RA-934,Orafol 970RA Gloss Zinc Metallic Vinyl Wrap,ORACAL,Metallic,,,,
oracal-matte-amethyst-vinyl-wrap-970ra-316m,970RA-316M,Orafol 970RA Matte Amethyst Vinyl Wrap,ORACAL,Matte,,,,
oracal-matte-anthracite-metallic-vinyl-wrap-970ra-093m,970RA-093M,Orafol 970RA Matte Anthracite Metallic Vinyl Wrap,ORACAL,Metallic,,,,
oracal-matte-aquamarine-vinyl-wrap-970ra-318m,970RA-318M,Orafol 970RA Matte Aquamarine Vinyl Wrap,ORACAL,Matte,,,,
oracal-matte-aubergine-bronze-vinyl-wrap-970ra-990m,970RA-990M,Orafol 970RA Matte Aubergine Bronze Vinyl Wrap,ORACAL,Matte,,,,
oracal-matte-avocado-vinyl-wrap-970ra-317m,970RA-317M,Orafol 970RA Matte Avocado Vinyl Wrap,ORACAL,Matte,,,,
oracal-matte-azure-blue-metallic-vinyl-wrap-970ra-197m,970RA-197M,Orafol 970RA Matte Azure Blue Metallic Vinyl Wrap,ORACAL,Metallic,,,,
oracal-matte-black-galactic-gold-vinyl-wrap-970ra-905m,970RA-905M,Orafol 970RA Matte Black Galactic Gold Vinyl Wrap,ORACAL,Matte,,,,
oracal-matte-black-vinyl-wrap-970ra-070m,970RA-070M,Orafol 970RA Matte Black Vinyl Wrap,ORACAL,Matte,,,,
oracal-matte-bronze-metallic-vinyl-wrap-970ra-920m,970RA-920M,Orafol 970RA Matte Bronze Metallic Vinyl Wrap,ORACAL,Metallic,,,,
oracal-matte-cardinal-red-vinyl-wrap-970ra-028m,970RA-028M,Orafol 970RA Matte Cardinal Red Vinyl Wrap,ORACAL,Matte,,,,
orafol-970ra-matte-champagne-myst-vinyl-wrap-970ra-996m,970RA-996M,Orafol 970RA Matte Champagne Myst Vinyl Wrap,ORACAL,Matte,,,,
oracal-matte-charcoal-metallic-vinyl-wrap-970ra-937m,970RA-937M,Orafol 970RA Matte Charcoal Metallic Vinyl Wrap,ORACAL,Metallic,,,,
orafol-970ra-matte-copper-kiss-vinyl-wrap-970ra-313m,970RA-313M,Orafol 970RA Matte Copper Kiss Vinyl Wrap,ORACAL,Matte,,,,
oracal-matte-copper-metallic-vinyl-wrap-970ra-092m,970RA-092M,Orafol 970RA Matte Copper Metallic Vinyl Wrap,ORACAL,Metallic,,,,
oracal-matte-cranberry-vinyl-wrap-970ra-320m,970RA-320M,Orafol 970RA Matte Cranberry Vinyl Wrap,ORACAL,Matte,,,,
oracal-matte-dark-grey-vinyl-wrap-970ra-073m,970RA-073M,Orafol 970RA Matte Dark Gray Vinyl Wrap,ORACAL,Matte,,,,
oracal-matte-dark-red-metallic-vinyl-wrap-970ra-368m,970RA-368M,Orafol 970RA Matte Dark Red Metallic Vinyl Wrap,ORACAL,Metallic,,,,
orafol-970ra-matte-divine-gold-vinyl-wrap-970ra-995m,970RA-995M,Orafol 970RA Matte Divine Gold Vinyl Wrap,ORACAL,Matte,,,,
oracal-matte-fjord-blue-vinyl-wrap-970ra-547m,970RA-547M,Orafol 970RA Matte Fjord Blue Vinyl Wrap,ORACAL,Matte,,,,
oracal-matte-gold-metallic-vinyl-wrap-970ra-091m,970RA-091M,Orafol 970RA Matte Gold Metallic Vinyl Wrap,ORACAL,Metallic,,,,
oracal-matte-graphite-metallic-vinyl-wrap-970ra-932m,970RA-932M,Orafol 970RA Matte Graphite Metallic Vinyl Wrap,ORACAL,Metallic,,,,
oracal-matte-green-blue-vinyl-wrap-970ra-988m,970RA-988M,Orafol 970RA Matte Green Blue Vinyl Wrap,ORACAL,Matte,,,,
oracal-matte-imperial-red-pearl-vinyl-wrap-970ra-372m,970RA-372M,Orafol 970RA Matte Imperial Red Pearl Vinyl Wrap,ORACAL,Matte,,,,
oracal-matte-indigo-blue-vinyl-wrap-970ra-544m,970RA-544M,Orafol 970RA Matte Indigo Blue Vinyl Wrap,ORACAL,Matte,,,,
oracal-matte-lagoon-vinyl-wrap-970ra-553m,970RA-553M,Orafol 970RA Matte Lagoon Vinyl Wrap,ORACAL,Matte,,,,
oracal-matte-maize-yellow-vinyl-wrap-970ra-209m,970RA-209M,Orafol 970RA Matte Maize Yellow Vinyl Wrap,ORACAL,Matte,,,,
oracal-matte-mint-vinyl-wrap-970ra-055m,970RA-055M,Orafol 970RA Matte Mint Vinyl Wrap,ORACAL,Matte,,,,
oracal-matte-moonlight-metallic-970ra-190m,970RA-190M,Orafol 970RA Matte Moonlight Metallic Vinyl Wrap,ORACAL,Metallic,,,,
oracal-matte-nato-olive-vinyl-wrap-970ra-285m,970RA-285M,Orafol 970RA Matte Nato Olive Vinyl Wrap,ORACAL,Matte,,,,
oracal-matte-night-blue-metallic-vinyl-wrap-970ra-196m,970RA-196M,Orafol 970RA Matte Night Blue Metallic Vinyl Wrap,ORACAL,Metallic,,,,
oracal-matte-pearl-symphony-vinyl-wrap-970ra-315m,970RA-315M,Orafol 970RA Matte Pearl Symphony Vinyl Wrap,ORACAL,Matte,,,,
oracal-matte-pyrite-metallic-vinyl-wrap-970ra-926m,970RA-926M,Orafol 970RA Matte Pyrite Metallic Vinyl Wrap,ORACAL,Metallic,,,,
oracal-matte-red-brown-metallic-vinyl-wrap-970ra-369m,970RA-369M,Orafol 970RA Matte Red Brown Metallic Vinyl Wrap,ORACAL,Metallic,,,,
oracal-matte-red-gold-l-metallic-vinyl-wrap-970ra-944m,970RA-944M,Orafol 970RA Matte Red Gold L Metallic Vinyl Wrap,ORACAL,Metallic,,,,
oracal-matte-saffron-yellow-vinyl-wrap-970ra-223m,970RA-223M,Orafol 970RA Matte Saffron Yellow Vinyl Wrap,ORACAL,Matte,,,,
oracal-matte-silver-grey-metallic-vinyl-wrap-970ra-090m,970RA-090M,Orafol 970RA Matte Silver Gray Metallic Vinyl Wrap,ORACAL,Metallic,,,,
orafol-970ra-matte-sparkling-citrus-fury-vinyl-wrap-970ra-183m,970RA-183M,Orafol 970RA Matte Sparkling Citrus Fury Vinyl Wrap,ORACAL,Matte,,,,
orafol-970ra-matte-sparkling-riviera-rush-vinyl-wrap-970ra-181m,970RA-181M,Orafol 970RA Matte Sparkling Riviera Rush Vinyl Wrap,ORACAL,Matte,,,,
orafol-970ra-matte-sparkling-turbo-turquoise-vinyl-wrap-970ra-182m,970RA-182M,Orafol 970RA Matte Sparkling Turbo Turquoise Vinyl Wrap,ORACAL,Matte,,,,
oracal-matte-sunset-shift-vinyl-wrap-970ra-100m,970RA-100M,Orafol 970RA Matte Sunset Shift Vinyl Wrap,ORACAL,Matte,,,,
oracal-matte-telegrey-vinyl-wrap-970ra-076m,970RA-076M,Orafol 970RA Matte Telegrey Vinyl Wrap,ORACAL,Matte,,,,
oracal-matte-turquoise-lavender-vinyl-wrap-970ra-989m,970RA-989M,Orafol 970RA Matte Turquoise Lavender Vinyl Wrap,ORACAL,Matte,,,,
oracal-matte-ultramarine-violet-vinyl-wrap-970ra-319m,970RA-319M,Orafol 970RA Matte Ultramarine Violet Vinyl Wrap,ORACAL,Matte,,,,
oracal-matte-violet-metallic-vinyl-wrap-970ra-406m,970RA-406M,Orafol 970RA Matte Violet Metallic Vinyl Wrap,ORACAL,Metallic,,,,
oracal-matte-white-vinyl-wrap-970ra-010m,970RA-010M,Orafol 970RA Matte White Vinyl Wrap,ORACAL,Matte,,,,
oracal-anthracite-carbon-fiber-vinyl-wrap-975ca-093,975CA-093,Orafol 975 Anthracite Carbon Fiber Vinyl Wrap,ORACAL,,,,,
oracal-black-carbon-fiber-vinyl-wrap-975ca-070,975CA-070,Orafol 975 Black Carbon Fiber Vinyl Wrap,ORACAL,,,,,
oracal-black-honeycomb-vinyl-wrap-975hc-070,975HC-070,Orafol 975 Black Honeycomb Vinyl Wrap,ORACAL,,,,,
oracal-brushed-deep-blue-metallic-vinyl-wrap-975br-192,975BR-192,Orafol 975 Brushed Deep Blue Metallic Vinyl Wrap,ORACAL,Metallic,,,,
oracal-brushed-gold-vinyl-wrap-975br-091,975BR-091,Orafol 975 Brushed Gold Vinyl Wrap,ORACAL,Brushed,,,,
oracal-brushed-graphite-metallic-vinyl-wrap-975br-932,975BR-932,Orafol 975 Brushed Graphite Metallic Vinyl Wrap,ORACAL,Metallic,,,,
oracal-brushed-tin-metallic-vinyl-wrap-975br-933,975BR-933,Orafol 975 Brushed Tin Metallic Vinyl Wrap,ORACAL,Metallic,,,,
oracal-deep-blue-metallic-honeycomb-vinyl-wrap-975hc-192,975HC-192,Orafol 975 Deep Blue Metallic Honeycomb Vinyl Wrap,ORACAL,Metallic,,,,
oracal-geranium-red-carbon-fiber-vinyl-wrap-975ca-305,975CA-305,Orafol 975 Geranium Red Carbon Fiber Vinyl Wrap,ORACAL,,,,,
oracal-gold-carbon-fiber-vinyl-wrap-975ca-091,975CA-091,Orafol 975 Gold Carbon Fiber Vinyl Wrap,ORACAL,,,,,
oracal-gold-honeycomb-vinyl-wrap-975hc-091,975HC-091,Orafol 975 Gold Honeycomb Vinyl Wrap,ORACAL,,,,,
oracal-middle-blue-carbon-fiber-vinyl-wrap-975ca-536,975CA-536,Orafol 975 Middle Blue Carbon Fiber Vinyl Wrap,ORACAL,,,,,
oracal-silver-grey-carbon-fiber-vinyl-wrap-975ca-090,975CA-090,Orafol 975 Silver Gray Carbon Fiber Vinyl Wrap,ORACAL,,,,,
oracal-silver-grey-honeycomb-vinyl-wrap-975hc-090,975HC-090,Orafol 975 Silver Gray Honeycomb Vinyl Wrap,ORACAL,,,,,
oracal-tin-metallic-honeycomb-vinyl-wrap-975hc-933,975HC-933,Orafol 975 Tin Metallic Honeycomb Vinyl Wrap,ORACAL,Metallic,,,,
oracal-transparent-carbon-fiber-vinyl-wrap-975ca-000,975CA-000,Orafol 975 Transparent Carbon Fiber Vinyl Wrap,ORACAL,,,,,
oracal-white-carbon-fiber-vinyl-wrap-975ca-010,975CA-010,Orafol 975 White Carbon Fiber Vinyl Wrap,ORACAL,,,,,
orafol-oraguard-2815-plus-gloss-paint-protection-film,,Orafol ORAGUARD 2815+ Gloss Paint Protection Film,Orafol,Gloss,,,,
orafol-oraguard-2815-plus-matte-paint-protection-film,,Orafol ORAGUARD 2815+ Matte Paint Protection Film,Orafol,Matte,,,,
orange-amber-head-tail-light-lens-vinyl-film,,Orange & Amber Head/Tail Light Lens Vinyl Film,Metro Restyling,,,,,
ppg-gloss-paint-protection-film,,PPG Gloss Paint Protection Film,PPG STREAM™,Gloss,,,,
ppg-matte-paint-protection-film,,PPG Matte Paint Protection Film,PPG STREAM™,Matte,,,,
purple-pink-head-tail-light-lens-vinyl-film,,Purple & Pink Head/Tail Light Lens Vinyl Film,Metro Restyling,,,,,
red-out-tail-light-vinyl-film,,Red Out Tail Light Vinyl Film,Metro Restyling,,,,,
rgbg-anodized-midnight-purple-colored-ppf-lm-pe-01,LM-PE-01,RGBG Anodized Midnight Purple Colored PPF,RGBG,,,,,
rgbg-anodized-periwinkle-purple-colored-ppf-lm-pe-02,LM-PE-02,RGBG Anodized Periwinkle Purple Colored PPF,RGBG,,,,,
rgbg-anodized-shell-pink-colored-ppf-lm-pk-01,LM-PK-01,RGBG Anodized Shell Pink Colored PPF,RGBG,,,,,
rgbg-gloss-anodized-bronze-colored-ppf-lm-gy-01,LM-GY-01,RGBG Gloss Anodized Bronze Colored PPF,RGBG,Gloss,,,,
rgbg-gloss-anodized-cosmic-blue-colored-ppf-lm-be-01,LM-BE-01,RGBG Gloss Anodized Cosmic Blue Colored PPF,RGBG,Gloss,,,,
rgbg-gloss-anodized-gunmetal-colored-ppf-lm-gy-03,LM-GY-03,RGBG Gloss Anodized Gunmetal Colored PPF,RGBG,Gloss,,,,
rgbg-gloss-anodized-silver-colored-ppf-lm-gy-02,LM-GY-02,RGBG Gloss Anodized Silver Colored PPF,RGBG,Gloss,,,,
rgbg-gloss-anodized-steel-colored-ppf-lm-gy-04,LM-GY-04,RGBG Gloss Anodized Steel Colored PPF,RGBG,Gloss,,,,
rgbg-gloss-black-carbon-fiber-colored-ppf-p-cn-01,P-CN-01,RGBG Gloss Black Carbon Fiber Colored PPF,RGBG,Gloss,,,,
rgbg-gloss-black-colored-ppf-g-bk-01,G-BK-01,RGBG Gloss Black Colored PPF,RGBG,Gloss,,,,
rgbg-gloss-blood-red-colored-ppf-lm-rd-01,LM-RD-01,RGBG Gloss Blood Red Colored PPF,RGBG,Gloss,,,,
rgbg-gloss-blue-carbon-fiber-colored-ppf-p-cn-02,P-CN-02,RGBG Gloss Blue Carbon Fiber Colored PPF,RGBG,Gloss,,,,
rgbg-gloss-bright-grey-colored-ppf-g-gy-01,G-GY-01,RGBG Gloss Bright Grey Colored PPF,RGBG,Gloss,,,,
rgbg-gloss-bright-orange-colored-ppf-g-oe-01,G-OE-01,RGBG Gloss Bright Orange Colored PPF,RGBG,Gloss,,,,
rgbg-gloss-chalk-grey-colored-ppf-g-gy-02,G-GY-02,RGBG Gloss Chalk Grey Colored PPF,RGBG,Gloss,,,,
rgbg-gloss-dawn-gold-colored-ppf-p-we-01,P-WE-01,RGBG Gloss Dawn Gold Colored PPF,RGBG,Gloss,,,,
rgbg-gloss-grass-green-colored-ppf-g-gn-05,G-GN-05,RGBG Gloss Grass Green Colored PPF,RGBG,Gloss,,,,
rgbg-gloss-jungle-green-colored-ppf-g-gn-04,G-GN-04,RGBG Gloss Jungle Green Colored PPF,RGBG,Gloss,,,,
rgbg-gloss-khaki-green-colored-ppf-g-gn-02,G-GN-02,RGBG Gloss Khaki Green Colored PPF,RGBG,Gloss,,,,
rgbg-gloss-meisen-blue-colored-ppf-g-be-03,G-BE-03,RGBG Gloss Meisen Blue Colored PPF,RGBG,Gloss,,,,
rgbg-gloss-metallic-admiral-blue-colored-ppf-m-be-03,M-BE-03,RGBG Gloss Metallic Admiral Blue Colored PPF,RGBG,Metallic,,,,
rgbg-gloss-metallic-alpine-green-colored-ppf-m-gn-01,M-GN-01,RGBG Gloss Metallic Alpine Green Colored PPF,RGBG,Metallic,,,,
rgbg-gloss-metallic-arctic-blue-colored-ppf-m-be-01,M-BE-01,RGBG Gloss Metallic Arctic Blue Colored PPF,RGBG,Metallic,,,,
rgbg-gloss-metallic-champagne-gold-colored-ppf-m-gy-02,M-GY-02,RGBG Gloss Metallic Champagne Gold Colored PPF,RGBG,Metallic,,,,
rgbg-gloss-metallic-dark-maroon-red-colored-ppf-m-rd-01,M-RD-01,RGBG Gloss Metallic Dark Maroon Red Colored PPF,RGBG,Metallic,,,,
rgbg-gloss-metallic-dark-teal-green-colored-ppf-m-gn-04,M-GN-04,RGBG Gloss Metallic Dark Teal Green Colored PPF,RGBG,Metallic,,,,
rgbg-gloss-metallic-eminent-white-colored-ppf-m-we-01,M-WE-01,RGBG Gloss Metallic Eminent White Colored PPF,RGBG,Metallic,,,,
rgbg-gloss-metallic-english-green-colored-ppf-m-gn-03,M-GN-03,RGBG Gloss Metallic English Green Colored PPF,RGBG,Metallic,,,,
rgbg-gloss-metallic-frozen-berry-pink-colored-ppf-m-pk-01,M-PK-01,RGBG Gloss Metallic Frozen Berry Pink Colored PPF,RGBG,Metallic,,,,
rgbg-gloss-metallic-garnet-red-colored-ppf-m-rd-02,M-RD-02,RGBG Gloss Metallic Garnet Red Colored PPF,RGBG,Metallic,,,,
rgbg-gloss-metallic-grape-purple-colored-ppf-m-pe-01,M-PE-01,RGBG Gloss Metallic Grape Purple Colored PPF,RGBG,Metallic,,,,
rgbg-gloss-metallic-indigo-blue-colored-ppf-m-be-05,M-BE-05,RGBG Gloss Metallic Indigo Blue Colored PPF,RGBG,Metallic,,,,
rgbg-gloss-metallic-mamba-green-colored-ppf-m-gn-02,M-GN-02,RGBG Gloss Metallic Mamba Green Colored PPF,RGBG,Metallic,,,,
rgbg-gloss-metallic-milan-gold-colored-ppf-m-gd-01,M-GD-01,RGBG Gloss Metallic Milan Gold Colored PPF,RGBG,Metallic,,,,
rgbg-gloss-metallic-night-blue-colored-ppf-m-be-04,M-BE-04,RGBG Gloss Metallic Night Blue Colored PPF,RGBG,Metallic,,,,
rgbg-gloss-metallic-racing-orange-colored-ppf-m-oe-01,M-OE-01,RGBG Gloss Metallic Racing Orange Colored PPF,RGBG,Metallic,,,,
rgbg-gloss-metallic-sky-blue-colored-ppf-m-be-02,M-BE-02,RGBG Gloss Metallic Sky Blue Colored PPF,RGBG,Metallic,,,,
rgbg-gloss-metallic-sonic-silver-colored-ppf-m-gy-01,M-GY-01,RGBG Gloss Metallic Sonic Silver Colored PPF,RGBG,Metallic,,,,
rgbg-gloss-metallic-soul-red-colored-ppf-m-rd-03,M-RD-03,RGBG Gloss Metallic Soul Red Colored PPF,RGBG,Metallic,,,,
rgbg-gloss-metallic-syrup-brown-colored-ppf-lm-bn-01,LM-BN-01,RGBG Gloss Metallic Syrup Brown Colored PPF,RGBG,Metallic,,,,
rgbg-gloss-metallic-wildberry-juice-colored-ppf-m-pe-02,M-PE-02,RGBG Gloss Metallic Wildberry Juice Colored PPF,RGBG,Metallic,,,,
rgbg-gloss-miami-blue-colored-ppf-g-be-02,G-BE-02,RGBG Gloss Miami Blue Colored PPF,RGBG,Gloss,,,,
rgbg-gloss-nardo-grey-colored-ppf-g-gy-04,G-GY-04,RGBG Gloss Nardo Grey Colored PPF,RGBG,Gloss,,,,
rgbg-gloss-porcelain-blue-colored-ppf-g-be-01,G-BE-01,RGBG Gloss Porcelain Blue Colored PPF,RGBG,Gloss,,,,
rgbg-gloss-racing-red-colored-ppf-g-rd-01,G-RD-01,RGBG Gloss Racing Red Colored PPF,RGBG,Gloss,,,,
rgbg-gloss-royal-purple-colored-ppf-p-pe-02,P-PE-02,RGBG Gloss Royal Purple Colored PPF,RGBG,Gloss,,,,
rgbg-gloss-white-colored-ppf-g-we-01,G-WE-01,RGBG Gloss White Colored PPF,RGBG,Gloss,,,,
rgbg-gloss-wilderness-green-colored-ppf-g-gn-03,G-GN-03,RGBG Gloss Wilderness Green Colored PPF,RGBG,Gloss,,,,
rgbg-matte-black-colored-ppf-s-bk-01,S-BK-01,RGBG Matte Black Colored PPF,RGBG,Matte,,,,
rgbg-satin-amazon-green-colored-ppf-s-gn-01,S-GN-01,RGBG Satin Amazon Green Colored PPF,RGBG,Satin,,,,
rgbg-satin-anodized-bronze-colored-ppf-s-gy-01,S-GY-01,RGBG Satin Anodized Bronze Colored PPF,RGBG,Satin,,,,
rgbg-satin-anodized-silver-colored-ppf-s-gy-02,S-GY-02,RGBG Satin Anodized Silver Colored PPF,RGBG,Satin,,,,
rgbg-satin-ash-grey-colored-ppf-s-gy-05,S-GY-05,RGBG Satin Ash Grey Colored PPF,RGBG,Satin,,,,
rgbg-satin-battleship-grey-colored-ppf-s-gy-04,S-GY-04,RGBG Satin Battleship Grey Colored PPF,RGBG,Satin,,,,
rgbg-satin-bright-orange-colored-ppf-s-oe-01,S-OE-01,RGBG Satin Bright Orange Colored PPF,RGBG,Satin,,,,
rgbg-satin-ceramic-white-colored-ppf-s-we-02,S-WE-02,RGBG Satin Ceramic White Colored PPF,RGBG,Satin,,,,
rgbg-satin-chrome-purple-colored-ppf-s-pe-02,S-PE-02,RGBG Satin Chrome Purple Colored PPF,RGBG,Chrome,,,,
rgbg-satin-dark-grey-colored-ppf-s-gy-06,S-GY-06,RGBG Satin Dark Grey Colored PPF,RGBG,Satin,,,,
rgbg-satin-gold-green-colored-ppf-s-gd-01,S-GD-01,RGBG Satin Gold Green Colored PPF,RGBG,Satin,,,,
rgbg-satin-green-gold-colored-ppf-s-gn-03,S-GN-03,RGBG Satin Green Gold Colored PPF,RGBG,Satin,,,,
rgbg-satin-military-green-colored-ppf-s-gn-02,S-GN-02,RGBG Satin Military Green Colored PPF,RGBG,Satin,,,,
rgbg-satin-pearl-white-colored-ppf-s-we-03,S-WE-03,RGBG Satin Pearl White Colored PPF,RGBG,Satin,,,,
rgbg-satin-purple-colored-ppf-s-pe-01,S-PE-01,RGBG Satin Purple Colored PPF,RGBG,Satin,,,,
rgbg-satin-rose-gold-colored-ppf-s-pk-01,S-PK-01,RGBG Satin Rose Gold Colored PPF,RGBG,Satin,,,,
rgbg-satin-scarlet-red-colored-ppf-s-rd-01,S-RD-01,RGBG Satin Scarlet Red Colored PPF,RGBG,Satin,,,,
rgbg-satin-slate-blue-colored-ppf-s-be-01,S-BE-01,RGBG Satin Slate Blue Colored PPF,RGBG,Satin,,,,
rgbg-satin-steel-grey-colored-ppf-s-gy-03,S-GY-03,RGBG Satin Steel Grey Colored PPF,RGBG,Satin,,,,
rgbg-satin-tunisian-blue-colored-ppf-s-be-02,S-BE-02,RGBG Satin Tunisian Blue Colored PPF,RGBG,Satin,,,,
rgbg-satin-white-colored-ppf-s-we-01,S-WE-01,RGBG Satin White Colored PPF,RGBG,Satin,,,,
smoke-head-tail-light-lens-vinyl-film,,Smoke Head/Tail Light Lens Vinyl Film,Metro Restyling,,,,,
yellow-head-tail-light-lens-vinyl-film,,Yellow Head/Tail Light Lens Vinyl Film,Metro Restyling,,,,,
